T_max,disp_max,sigma_vm_max,J_in,h_conv,mat_left,mat_right
300.1774289386994,6.358841783269378e-08,41039.508545887526,1000000.0,5,Al,Al
300.09569872197386,4.284300705060265e-08,27103.944983828085,1000000.0,5,Al,Cu
300.57841915762526,3.1178208420981254e-07,493786.58835814346,1000000.0,5,Al,Fe
300.4327199527772,2.2093948210794029e-07,349332.2627338787,1000000.0,5,Al,Ni
300.0956991678128,4.283710710693223e-08,22699.683800176947,1000000.0,5,Cu,Al
300.0535729366664,1.3699116255503991e-08,14207.403779240809,1000000.0,5,Cu,Cu
300.3154788033032,9.047784566534477e-08,122033.55075213932,1000000.0,5,Cu,Fe
300.23212504461503,6.257867045428071e-08,83297.6882802576,1000000.0,5,Cu,Ni
300.5784161051932,3.11731324941906e-07,401648.9009243943,1000000.0,5,Fe,Al
300.3154754140436,9.046324365005041e-08,98473.48899173025,1000000.0,5,Fe,Cu
301.5377388995823,2.695181175523445e-07,469190.1107971546,1000000.0,5,Fe,Fe
301.2444916647484,2.3914107506424585e-07,419785.3824196279,1000000.0,5,Fe,Ni
300.4327180096447,2.2090396468387733e-07,283775.2389649597,1000000.0,5,Ni,Al
300.23212274738535,6.256926446782081e-08,74359.10425640494,1000000.0,5,Ni,Cu
301.24449406101314,2.391659191482611e-07,394057.0719310225,1000000.0,5,Ni,Fe
300.97806458864903,1.8711727819195391e-07,343260.3840985661,1000000.0,5,Ni,Ni
300.1763004174877,6.321505476188803e-08,40839.18257817839,1000000.0,10,Al,Al
300.09528380778625,4.2679981427013713e-08,26987.13422530389,1000000.0,10,Al,Cu
300.573072337109,3.092057762349907e-07,489285.00981655536,1000000.0,10,Al,Fe
300.4288642675914,2.1918270350730343e-07,346258.68657824356,1000000.0,10,Al,Ni
300.0952841925264,4.267410530572394e-08,22626.84488384003,1000000.0,10,Cu,Al
300.05340196154174,1.3658749807932817e-08,14172.579648388653,1000000.0,10,Cu,Cu
300.31371715158195,9.002005123683455e-08,121363.88480616425,1000000.0,10,Cu,Fe
300.2308619473975,6.227079152364704e-08,82982.5749807576,1000000.0,10,Cu,Ni
300.5730694255197,3.0915544531358387e-07,397986.9905861122,1000000.0,10,Fe,Al
300.3137140836295,9.0005520551404e-08,97932.16799217438,1000000.0,10,Fe,Cu
301.5137305781542,2.6563363943872124e-07,463578.09264020686,1000000.0,10,Fe,Fe
301.22602753977145,2.358910143487224e-07,415029.7630680311,1000000.0,10,Fe,Ni
300.4288624138678,2.1914747558497252e-07,281278.08347366273,1000000.0,10,Ni,Al
300.23086000754074,6.226143023832997e-08,74077.00320057818,1000000.0,10,Ni,Cu
301.22602947550536,2.3591550530570947e-07,389631.2408641619,1000000.0,10,Ni,Fe
300.9644465084828,1.8471199379554038e-07,339596.98575153755,1000000.0,10,Ni,Ni
300.17192318686915,6.176580894806864e-08,40061.21945386639,1000000.0,30,Al,Al
300.0936594858734,4.2040883966888716e-08,26529.312915626106,1000000.0,30,Al,Cu
300.55262812910405,2.993307159881065e-07,472038.3710345299,1000000.0,30,Al,Fe
300.4140956841597,2.1243900671373567e-07,334465.40422117995,1000000.0,30,Al,Ni
300.0936597676354,4.203510128204605e-08,22341.214002835946,1000000.0,30,Cu,Al
300.0527285893981,1.349971145297744e-08,14035.344124136302,1000000.0,30,Cu,Cu
300.30686776667875,8.823504288894197e-08,118753.40135409657,1000000.0,30,Cu,Fe
300.22594583529605,6.10696250441478e-08,81752.47737584719,1000000.0,30,Cu,Ni
300.5526262351697,2.992820264847785e-07,383957.3042336604,1000000.0,30,Fe,Al
300.30686577680825,8.822079035518493e-08,95822.00905132497,1000000.0,30,Fe,Cu
301.4245651810175,2.51187175293582e-07,442681.28548023436,1000000.0,30,Fe,Fe
301.1573084919989,2.2375431103364645e-07,397250.92947655986,1000000.0,30,Fe,Ni
300.4140943977755,2.1240488949907398e-07,271696.50742588233,1000000.0,30,Ni,Al
300.22594443758857,6.106043816120787e-08,72975.77460497244,1000000.0,30,Ni,Cu
301.1573096316275,2.2377748401214385e-07,373085.0486029212,1000000.0,30,Ni,Fe
300.9134663073336,1.7569729597411727e-07,325852.10383625363,1000000.0,30,Ni,Ni
300.16775221890083,6.03836040315194e-08,39318.65720489401,1000000.0,50,Al,Al
300.09208908401956,4.142185606457488e-08,26086.030674615657,1000000.0,50,Al,Cu
300.53358056148966,2.900936531374727e-07,455918.30687246803,1000000.0,50,Al,Fe
300.4003000658213,2.0611674190231895e-07,323417.05304340954,1000000.0,50,Al,Ni
300.09208931468993,4.141616378593025e-08,22064.41826915199,1000000.0,50,Cu,Al
300.0520715133485,1.3344452429604328e-08,13901.317526034423,1000000.0,50,Cu,Cu
300.300319018387,8.652061118947522e-08,116247.13516242662,1000000.0,50,Cu,Fe
300.2212384621769,5.991489975411774e-08,80568.83628473809,1000000.0,50,Cu,Ni
300.5335790172285,2.9004649852034714e-07,370844.026016842,1000000.0,50,Fe,Al
300.3003173782599,8.650662596503532e-08,93796.11171320453,1000000.0,50,Fe,Cu
301.34507170211344,2.3827746092612744e-07,423969.21334865136,1000000.0,50,Fe,Fe
301.0957966111171,2.1284197876709352e-07,381235.8159259368,1000000.0,50,Fe,Ni
300.4002990497053,2.0608366567308873e-07,262720.13715711585,1000000.0,50,Ni,Al
300.2212373411291,5.99058806474151e-08,71916.13601931468,1000000.0,50,Ni,Cu
301.0957974434878,2.1286396771182593e-07,358179.8897220205,1000000.0,50,Ni,Fe
300.86747443197737,1.675478399565864e-07,313404.02774625836,1000000.0,50,Ni,Ni
300.1581382378889,5.719246440821389e-08,37601.88143996992,1000000.0,100,Al,Al
300.08838216861056,3.995609187077895e-08,25037.08250655957,1000000.0,100,Al,Cu
300.4912078235655,2.694150815905774e-07,419880.00920396246,1000000.0,100,Al,Fe
300.3694880354613,1.9191330817308513e-07,298627.7391630335,1000000.0,100,Al,Ni
300.08838232947073,3.995061361571321e-08,21408.446789663514,1000000.0,100,Cu,Al
300.05049633458566,1.2971978836779554e-08,13579.560831997547,1000000.0,100,Cu,Cu
300.2851307190894,8.251707104960753e-08,110398.62826443823,1000000.0,100,Cu,Fe
300.21029589220154,5.72143695729506e-08,77796.12586971211,1000000.0,100,Cu,Ni
300.49120678666634,2.6937136059094693e-07,341527.62942062,1000000.0,100,Fe,Al
300.28512957632864,8.250371016982684e-08,89068.64742122099,1000000.0,100,Fe,Cu
301.1796688093305,2.1130275496297477e-07,384727.46509245003,1000000.0,100,Fe,Fe
300.966883681716,1.8983518709936548e-07,347357.977359568,1000000.0,100,Fe,Ni
300.36948735519655,1.9188256881397594e-07,242579.66531652253,1000000.0,100,Ni,Al
300.2102951341407,5.720574286475482e-08,69433.90607369374,1000000.0,100,Ni,Cu
300.9668841683862,1.898546835182478e-07,326648.469309429,1000000.0,100,Ni,Fe
300.77009388765117,1.5022796687246728e-07,286863.0052385174,1000000.0,100,Ni,Ni
300.1284726881648,4.728808906158123e-08,32246.36408132255,1000000.0,300,Al,Al
300.0761031363061,3.505377279217462e-08,21702.73801997454,1000000.0,300,Al,Cu
300.37253372100685,2.1043885270146905e-07,317605.550795828,1000000.0,300,Al,Fe
300.28226788976866,1.5102279486897924e-07,227593.2888314386,1000000.0,300,Al,Ni
300.07610321290116,3.5049007779711745e-08,19207.73150140884,1000000.0,300,Cu,Al
300.04502578564967,1.1674657330777396e-08,12456.108987081718,1000000.0,300,Cu,Cu
300.23730421136037,6.967384895322548e-08,91684.52322435119,1000000.0,300,Cu,Fe
300.17563113092103,4.851308817706936e-08,68809.0138099622,1000000.0,300,Cu,Ni
300.37253335086285,2.1040490222593868e-07,258328.2463092392,1000000.0,300,Fe,Al
300.2373036944065,6.966249523240991e-08,77081.87379216272,1000000.0,300,Fe,Cu
300.78789375685056,1.4641306592290296e-07,289051.24562308023,1000000.0,300,Fe,Fe
300.655541663254,1.3332438380230095e-07,263119.3627323856,1000000.0,300,Fe,Ni
300.2822676414769,1.5099876706243452e-07,184865.70620272495,1000000.0,300,Ni,Al
300.17563079341005,4.850572895331176e-08,61388.33998241108,1000000.0,300,Ni,Cu
300.6555417926538,1.3333778980720734e-07,248229.827489767,1000000.0,300,Ni,Fe
300.5296797750029,1.0688103777668927e-07,219646.98929439907,1000000.0,300,Ni,Ni
300.1080363151213,4.039126355080504e-08,28482.35737916434,1000000.0,500,Al,Al
300.06679511938285,3.128597167948198e-08,19733.600621063542,1000000.0,500,Al,Cu
300.29994583850277,1.7342085208754098e-07,254013.02319367067,1000000.0,500,Al,Fe
300.2282274631704,1.2506812429959213e-07,182902.39168656984,1000000.0,500,Al,Ni
300.0667951626241,3.12817518894063e-08,17507.117377538434,1000000.0,500,Cu,Al
300.04060179292566,1.0620331549099596e-08,11539.177756635894,1000000.0,500,Cu,Cu
300.20333377583097,6.033995104325263e-08,78145.76249462964,1000000.0,500,Cu,Fe
300.15083124348877,4.215282335399294e-08,62169.75163505594,1000000.0,500,Cu,Ni
300.29994567049016,1.733930089659612e-07,206594.78223863355,1000000.0,500,Fe,Al
300.20333348080464,6.033006100102275e-08,69597.83004073623,1000000.0,500,Fe,Cu
300.59110950809,1.1282144954252606e-07,238171.6164724278,1000000.0,500,Fe,Fe
300.495517926076,1.0340430193343312e-07,217417.93020853514,1000000.0,500,Fe,Ni
300.22822735055865,1.2504833810563962e-07,148554.25605560717,1000000.0,500,Ni,Al
300.1508310535939,4.2146394042526724e-08,55444.675855371475,1000000.0,500,Ni,Cu
300.49551796874334,1.0341451426282481e-07,205669.5924179864,1000000.0,500,Ni,Fe
300.40321585960584,8.346587094576728e-08,182477.2377914677,1000000.0,500,Ni,Ni
300.70971575301735,2.543536711166156e-07,164158.03411640535,2000000.0,5,Al,Al
300.38279482704934,1.7137200271087887e-07,108415.76264855349,2000000.0,5,Al,Cu
302.3136766212673,1.2471283322654254e-06,1975146.3454763202,2000000.0,5,Al,Fe
301.7308798130728,8.837579286027145e-07,1397329.0521523778,2000000.0,5,Al,Ni
300.3827966568734,1.713484226630554e-07,90798.73201930811,2000000.0,5,Cu,Al
300.21429168995564,5.479645081990759e-08,56829.60085622524,2000000.0,5,Cu,Cu
301.26191519038116,3.619113753007903e-07,488134.1940027659,2000000.0,5,Cu,Fe
300.92850016357454,2.5031467688871633e-07,333190.74780446076,2000000.0,5,Cu,Ni
302.31366442677427,1.2469253043719243e-06,1606595.6080527743,2000000.0,5,Fe,Al
301.26190158435924,3.6185295157555824e-07,393893.9329844915,2000000.0,5,Fe,Cu
306.15095559612524,1.0780724700996934e-06,1876760.4440971746,2000000.0,5,Fe,Fe
304.9779666740585,9.565643030194255e-07,1679141.5343047292,2000000.0,5,Fe,Ni
301.7308720455638,8.836158633210515e-07,1135100.960583075,2000000.0,5,Ni,Al
300.92849092044634,2.5027703741765716e-07,297436.398300229,2000000.0,5,Ni,Cu
304.97797624327876,9.56663676566565e-07,1576228.2890627962,2000000.0,5,Ni,Fe
303.9122583710117,7.484691155161765e-07,1373041.5416077077,2000000.0,5,Ni,Ni
300.7052016667674,2.528602183446827e-07,163356.7299324403,2000000.0,10,Al,Al
300.3811351703029,1.7071990019602486e-07,107948.51961420213,2000000.0,10,Al,Cu
302.29228933815114,1.2368230997349783e-06,1957140.0303741365,2000000.0,10,Al,Fe
301.7154570718174,8.767308139327241e-07,1385034.7470889203,2000000.0,10,Al,Ni
300.3811367556917,1.706964153919863e-07,90507.37628755657,2000000.0,10,Cu,Al
300.21360779026713,5.463498522125781e-08,56690.3044922677,2000000.0,10,Cu,Cu
301.2548685841567,3.600801977803161e-07,485455.53048614145,2000000.0,10,Cu,Fe
300.92344777546106,2.4908316135925757e-07,331930.29484747164,2000000.0,10,Cu,Ni
302.29227770694064,1.2366217851145816e-06,1591947.9658680488,2000000.0,10,Fe,Al
301.2548562636756,3.60022059450281e-07,391728.64928903646,2000000.0,10,Fe,Cu
306.05492231028387,1.062534557595761e-06,1854312.3713332496,2000000.0,10,Fe,Fe
304.90411017437,9.435640602106007e-07,1660119.057000589,2000000.0,10,Fe,Ni
301.71544966158797,8.765899064072886e-07,1125112.33802304,2000000.0,10,Ni,Al
300.92343996206785,2.490457007608177e-07,296307.9943439173,2000000.0,10,Ni,Cu
304.9041179017339,9.436620212911152e-07,1558524.9649332135,2000000.0,10,Ni,Fe
303.8577860514565,7.388479781668276e-07,1358387.948704281,2000000.0,10,Ni,Ni
300.6876927446303,2.4706323525149014e-07,160244.87757898888,2000000.0,30,Al,Al
300.37463788360174,1.6816351073685963e-07,106117.23464710616,2000000.0,30,Al,Cu
302.21051250641625,1.1973228589962142e-06,1888153.4754955359,2000000.0,30,Al,Fe
301.656382738049,8.497560267965039e-07,1337861.6176295213,2000000.0,30,Al,Ni
300.37463905597525,1.6814039927186291e-07,89364.85275059176,2000000.0,30,Cu,Al
300.21091430164313,5.3998831756438884e-08,56141.36230971368,2000000.0,30,Cu,Cu
301.2274710440331,3.5294016419101964e-07,475013.59647234547,2000000.0,30,Cu,Fe
300.9037833267295,2.4427849531751534e-07,327009.90425344574,2000000.0,30,Cu,Ni
302.2105049453399,1.1971281098320239e-06,1535829.2203271207,2000000.0,30,Fe,Al
301.2274630373044,3.528831388423723e-07,383288.0138026312,2000000.0,30,Fe,Cu
305.6982607210515,1.0047487009134187e-06,1770725.142547182,2000000.0,30,Fe,Fe
304.6292339820684,8.95017246735481e-07,1589003.722303161,2000000.0,30,Fe,Ni
301.65637759708727,8.496195621224857e-07,1086786.0337620308,2000000.0,30,Ni,Al
300.9037776833796,2.442417326890335e-07,291903.08015695185,2000000.0,30,Ni,Cu
304.6292385254596,8.951099360020023e-07,1492340.1957396693,2000000.0,30,Ni,Fe
303.6538652455449,7.027891866593667e-07,1303408.420698184,2000000.0,30,Ni,Ni
300.6710088724516,2.4153441537842054e-07,157274.62835684448,2000000.0,50,Al,Al
300.3683562767039,1.6568739931107585e-07,104344.10582537866,2000000.0,50,Al,Cu
302.1343222364575,1.160374607682e-06,1823673.2192766755,2000000.0,50,Al,Fe
301.60120026481655,8.244669675060759e-07,1293668.2130379612,2000000.0,50,Al,Ni
300.3683572441614,1.6566464922856487e-07,88257.66977564196,2000000.0,50,Cu,Al
300.20828599758636,5.3377795738453025e-08,55605.25601323741,2000000.0,50,Cu,Cu
301.2012760513143,3.460824375397186e-07,464988.53186439036,2000000.0,50,Cu,Fe
300.8849538344452,2.396595942313841e-07,322275.34003282443,2000000.0,50,Cu,Ni
302.13431607321724,1.1601859975976375e-06,1483376.1072015853,2000000.0,50,Fe,Al
301.20126944418,3.460264815667839e-07,375184.4247674858,2000000.0,50,Fe,Cu
305.3802868061965,9.531098435549343e-07,1695876.8541627238,2000000.0,50,Fe,Fe
304.38318645850813,8.513679176680047e-07,1524943.2681356776,2000000.0,50,Fe,Ni
301.6011962045076,8.243346665048055e-07,1050880.552478198,2000000.0,50,Ni,Al
300.8849492985215,2.3962350287213844e-07,287664.5260692704,2000000.0,50,Ni,Cu
304.3831897739317,8.51455870979098e-07,1432719.5604609563,2000000.0,50,Ni,Fe
303.4698977443132,6.701913626381865e-07,1253616.1164773556,2000000.0,50,Ni,Ni
300.63255294996236,2.2876985745073399e-07,150407.52569230786,2000000.0,100,Al,Al
300.3535286182154,1.5982434377469455e-07,100148.31405119307,2000000.0,100,Al,Cu
301.9648312862445,1.0776603223430671e-06,1679520.0299071781,2000000.0,100,Al,Fe
301.4779521437776,7.676532328812839e-07,1194510.9578607974,2000000.0,100,Al,Ni
300.35352930389405,1.5980244878847282e-07,85633.78396053406,2000000.0,100,Cu,Al
300.20198528411754,5.188790168847089e-08,54318.2294414124,2000000.0,100,Cu,Cu
301.14052285472343,3.30068277054674e-07,441594.504507916,2000000.0,100,Cu,Fe
300.84118355437636,2.2885747339131053e-07,311184.4981871948,2000000.0,100,Cu,Ni
301.96482715160903,1.0774854463281744e-06,1366110.5212879106,2000000.0,100,Fe,Al
301.1405182404468,3.3001481941564154e-07,356274.5688565346,2000000.0,100,Fe,Cu
304.7186752350524,8.452110196942077e-07,1538909.8611009335,2000000.0,100,Fe,Fe
303.8675347389423,7.593407506134063e-07,1389431.9132546114,2000000.0,100,Fe,Ni
301.4779494267422,7.675302792868768e-07,970318.6653013086,2000000.0,100,Ni,Al
300.8411804742119,2.2882295262971865e-07,277735.6069642414,2000000.0,100,Ni,Cu
303.86753667269426,7.594187340233861e-07,1306593.878483,2000000.0,100,Ni,Fe
303.08037556415985,6.009118697596916e-07,1147452.0254969867,2000000.0,100,Ni,Ni
300.51389075099314,1.8915235602869294e-07,128985.45623594242,2000000.0,300,Al,Al
300.30441249722145,1.4021507082892135e-07,86810.93938321296,2000000.0,300,Al,Cu
301.49013487750847,8.417554075342227e-07,1270422.1975638142,2000000.0,300,Al,Fe
301.12907156043576,6.040911794437122e-07,910373.1561309564,2000000.0,300,Al,Ni
300.30441284032554,1.4019602654459952e-07,76830.92334386108,2000000.0,300,Cu,Al
300.18010309554217,4.669861740204543e-08,49824.42364964106,2000000.0,300,Cu,Cu
300.9492168284091,2.786953900405751e-07,366738.08618432365,2000000.0,300,Cu,Fe
300.702524512961,1.940523488658892e-07,275236.05101020756,2000000.0,300,Cu,Ni
301.4901334064325,8.416196117931636e-07,1033312.9874162505,2000000.0,300,Fe,Al
300.9492147241364,2.7864996283143403e-07,308327.4809823404,2000000.0,300,Fe,Cu
303.1515750251979,5.856522635203937e-07,1156204.9831494968,2000000.0,300,Fe,Fe
302.6221666608519,5.33297536658761e-07,1052477.4535863174,2000000.0,300,Fe,Ni
301.1290705700675,6.039950713717412e-07,739462.827613363,2000000.0,300,Ni,Al
300.7025231222676,1.9402289982580987e-07,245553.34523337748,2000000.0,300,Ni,Cu
302.62216716978395,5.333511591790396e-07,992919.3111819761,2000000.0,300,Ni,Fe
302.1187191093806,4.2752415265348585e-07,878587.9606141687,2000000.0,300,Ni,Ni
300.43214525881535,1.615650539945132e-07,113929.42943619164,2000000.0,500,Al,Al
300.2671804342033,1.2514386831340624e-07,78934.39075285285,2000000.0,500,Al,Cu
301.19978334878016,6.936834057061162e-07,1016052.0882499868,2000000.0,500,Al,Fe
300.91290985370233,5.002724970597315e-07,731609.5673037332,2000000.0,500,Al,Ni
300.2671806400731,1.251270033449965e-07,70028.46697916159,2000000.0,500,Cu,Al
300.1624071279897,4.248131504732773e-08,46156.69934977996,2000000.0,500,Cu,Cu
300.8133350883172,2.413597988938738e-07,312583.0440860813,2000000.0,500,Cu,Fe
300.60332496423456,1.686112898018192e-07,248679.00254145986,2000000.0,500,Cu,Ni
301.199782684493,6.935720385496798e-07,826379.1307569288,2000000.0,500,Fe,Al
300.81333387655013,2.4132022774958903e-07,278391.3074364483,2000000.0,500,Fe,Cu
302.36443803109455,4.512857981443671e-07,952686.4667885568,2000000.0,500,Fe,Fe
301.98207171052115,4.1361720891188444e-07,869671.7231538057,2000000.0,500,Fe,Ni
300.91290940545116,5.00193355098782e-07,594217.0263387419,2000000.0,500,Ni,Al
300.6033241691981,1.6858556174896307e-07,221778.69014597737,2000000.0,500,Ni,Cu
301.9820718743341,4.1365805701816563e-07,822678.3709349488,2000000.0,500,Ni,Fe
301.6128634455683,3.3386348495342673e-07,729908.9540561185,2000000.0,500,Ni,Ni
301.5968604435473,5.722957599231183e-07,369355.5767347368,3000000.0,5,Al,Al
300.86128833550794,3.8558699547747576e-07,243935.45875629655,3000000.0,5,Al,Cu
305.20577239400427,2.8060387456912095e-06,4444079.274006708,3000000.0,5,Al,Fe
303.8944795802319,1.988455339426951e-06,3143990.3678496806,3000000.0,5,Al,Ni
300.8612924719739,3.855339485894283e-07,204297.14571905535,3000000.0,5,Cu,Al
300.4821562787706,1.2329200842697874e-07,127866.59598281795,3000000.0,5,Cu,Cu
302.8393091688443,8.143005913597948e-07,1098301.9327538693,3000000.0,5,Cu,Fe
302.089125361841,5.632080209462202e-07,749679.1803473331,3000000.0,5,Cu,Ni
305.2057449627417,2.8055819367534697e-06,3614840.119932021,3000000.0,5,Fe,Al
302.83927853488547,8.141691314514871e-07,886261.3396394891,3000000.0,5,Fe,Cu
313.83965009036297,2.4256630576785094e-06,4222710.999599298,3000000.0,5,Fe,Fe
311.20042502290624,2.152269682944387e-06,3778068.454107632,3000000.0,5,Fe,Ni
303.8944621054289,1.988135694383008e-06,2553977.1632815176,3000000.0,5,Ni,Al
302.08910454221416,5.631233256675072e-07,669231.8883729167,3000000.0,5,Ni,Cu
311.20044654705544,2.152493272263734e-06,3546513.650951266,3000000.0,5,Ni,Fe
308.80258134161704,1.6840555110567181e-06,3089343.4707899825,3000000.0,5,Ni,Ni
301.58670374890073,5.689354909828506e-07,367552.6421892415,3000000.0,10,Al,Al
300.8575541078302,3.8411976481061335e-07,242884.16192864638,3000000.0,10,Al,Cu
305.15765100655494,2.782851972234206e-06,4403565.064634653,3000000.0,10,Al,Fe
303.8597784121944,1.972644331307765e-06,3116328.181274611,3000000.0,10,Al,Ni
300.8575576943017,3.840669322027278e-07,203641.59529326967,3000000.0,10,Cu,Al
300.4806175048094,1.229287109099718e-07,127553.17923369519,3000000.0,10,Cu,Cu
302.8234543051152,8.101804420191896e-07,1092274.9399527868,3000000.0,10,Cu,Fe
302.07775748890015,5.604371110852666e-07,746843.1612895015,3000000.0,10,Cu,Ni
305.15762484264206,2.7823990181166456e-06,3581882.924671959,3000000.0,10,Fe,Al
302.8234265637524,8.100496242816219e-07,881389.4514501888,3000000.0,10,Fe,Cu
313.62357519716664,2.390702754524332e-06,4172202.8358235727,3000000.0,10,Fe,Fe
311.03424789870064,2.1230191366469305e-06,3735267.880221613,3000000.0,10,Fe,Ni
303.85976174112216,1.97232729111118e-06,2531502.7622720883,3000000.0,10,Ni,Al
302.0777398862789,5.603528182983174e-07,666692.9795828604,3000000.0,10,Ni,Cu
311.03426527878105,2.123239547933512e-06,3506681.1717169527,3000000.0,10,Ni,Fe
308.68001862307926,1.6624079521189366e-06,3056372.8869584543,3000000.0,10,Ni,Ni
301.5473086742325,5.558922790906406e-07,360550.9744524224,3000000.0,30,Al,Al
300.8429352131493,3.783678886870025e-07,238763.77086638068,3000000.0,30,Al,Cu
304.97365313527075,2.6939764306770277e-06,4248345.316262125,3000000.0,30,Al,Fe
303.72686116119706,1.911951060268374e-06,3010188.639976871,3000000.0,30,Al,Ni
300.8429378698751,3.783158959203609e-07,201070.91732754972,3000000.0,30,Cu,Al
300.474557155385,1.214973655956057e-07,126318.05928621037,3000000.0,30,Cu,Cu
302.76180983962485,7.94115366360926e-07,1068780.5883364421,3000000.0,30,Cu,Fe
302.03351247911814,5.496266124394869e-07,735772.2823816162,3000000.0,30,Cu,Ni
304.9736361289574,2.6935382487447524e-06,3455615.7471481925,3000000.0,30,Fe,Al
302.76179180479926,7.939870529882002e-07,862398.0217222192,3000000.0,30,Fe,Cu
312.82108662110863,2.2606845769464752e-06,3984131.570991827,3000000.0,30,Fe,Fe
310.4157764655177,2.013788806238644e-06,3575258.3770123255,3000000.0,30,Fe,Ni
303.7268495959392,1.9116440164947727e-06,2445268.5776535557,3000000.0,30,Ni,Al
302.0334997596974,5.49543890235021e-07,656781.9227424168,3000000.0,30,Ni,Cu
310.4157866818465,2.0139973559850895e-06,3357765.4409692725,3000000.0,30,Ni,Fe
308.2211968092303,1.5812756711347421e-06,2932668.948801888,3000000.0,30,Ni,Ni
301.5097699617024,5.43452434289829e-07,353867.9136103757,3000000.0,50,Al,Al
300.8288015978441,3.7279663805515003e-07,234774.23107657782,3000000.0,50,Al,Cu
304.80222502806953,2.6108428652567645e-06,4103264.7399520976,3000000.0,50,Al,Fe
303.6027005964764,1.8550506768452055e-06,2910753.47969643,3000000.0,50,Al,Ni
300.8288037932815,3.7274545829900076e-07,198579.7556199816,3000000.0,50,Cu,Al
300.46864347131583,1.2010003458662353e-07,125111.82015973215,3000000.0,50,Cu,Cu
302.7028711061918,7.786854814564283e-07,1046224.1930342326,3000000.0,50,Cu,Fe
301.9911461215595,5.392340850268759e-07,725119.5129504501,3000000.0,50,Cu,Ni
304.8022111665323,2.6104184960598617e-06,3337596.24251267,3000000.0,50,Fe,Al
302.7028562207134,7.785595742366593e-07,844164.9465247137,3000000.0,50,Fe,Cu
312.1056453130012,2.144497147936221e-06,3815722.9221867532,3000000.0,50,Fe,Fe
309.86216953749295,1.915577815835955e-06,3431122.3551512114,3000000.0,50,Fe,Ni
303.60269146251085,1.8547530012225425e-06,2364481.2446808373,3000000.0,50,Ni,Al
301.99113589417556,5.391528732470602e-07,647245.176151334,3000000.0,50,Ni,Cu
309.8621769913391,1.9157757097580985e-06,3223619.0116933873,3000000.0,50,Ni,Fe
307.8072699315389,1.5079305671074735e-06,2820636.2643637853,3000000.0,50,Ni,Ni
301.423244136751,5.147321791878436e-07,338416.9327780255,3000000.0,100,Al,Al
300.79543936755607,3.596047636144294e-07,225333.69995852243,3000000.0,100,Al,Cu
304.4208703907099,2.4247357235972234e-06,3778920.0644109324,3000000.0,100,Al,Fe
303.32539232430406,1.7272197740620275e-06,2687649.655690149,3000000.0,100,Al,Ni
300.7954409279324,3.5955550740986223e-07,192676.01257789615,3000000.0,100,Cu,Al
300.4544668666711,1.16747773107895e-07,122216.01045652443,3000000.0,100,Cu,Cu
302.56617641411384,7.426536203969365e-07,993587.631580412,3000000.0,100,Cu,Fe
301.89266299133385,5.149293130884976e-07,700165.118713269,3000000.0,100,Cu,Ni
304.4208610931802,2.424342255890495e-06,3073748.6744002397,3000000.0,100,Fe,Al
302.56616601397633,7.425333348254445e-07,801617.7712495045,3000000.0,100,Fe,Cu
310.6170192779218,1.901724794246167e-06,3462547.1877816343,3000000.0,100,Fe,Fe
308.70195316765376,1.7085166898035125e-06,3126221.806410341,3000000.0,100,Fe,Ni
303.32538621265087,1.7269431300739615e-06,2183216.9986091196,3000000.0,100,Ni,Al
301.8926560409967,5.148516355718201e-07,624905.1084514057,3000000.0,100,Ni,Cu
308.70195751320745,1.7086921515318533e-06,2939836.227107333,3000000.0,100,Ni,Fe
306.9308450250074,1.352051707905159e-06,2581767.05926083,3000000.0,100,Ni,Ni
301.15625418903943,4.2559280097362216e-07,290217.2764937909,3000000.0,300,Al,Al
300.6849280987463,3.154839008899653e-07,195324.608320826,3000000.0,300,Al,Cu
303.35280347167895,1.8939496655885827e-06,2858449.942179232,3000000.0,300,Al,Fe
302.5404110115465,1.359205153734108e-06,2048339.6016282847,3000000.0,300,Al,Ni
300.68492888603106,3.154410578194697e-07,172869.57641300638,3000000.0,300,Cu,Al
300.4052319453634,1.050718841873991e-07,112104.94808661516,3000000.0,300,Cu,Cu
302.1357378568246,6.270646251864088e-07,825160.6911183753,3000000.0,300,Cu,Fe
301.5806801496952,4.3661778334766717e-07,619281.1130100706,3000000.0,300,Cu,Ni
303.35280016571414,1.8936441277380165e-06,2324954.222592797,3000000.0,300,Fe,Al
302.1357331070204,6.269624088301344e-07,693736.8262994551,3000000.0,300,Fe,Cu
307.09104380577685,1.3177175928495145e-06,2601461.2123574214,3000000.0,300,Fe,Fe
305.89987499018133,1.199919458085926e-06,2368074.27167465,3000000.0,300,Fe,Ni
302.5404087843856,1.3589889118869256e-06,1663791.3632981544,3000000.0,300,Ni,Al
301.5806770036957,4.365515179460182e-07,552495.020651104,3000000.0,300,Ni,Cu
305.89987613166807,1.2000401081322038e-06,2234068.450671126,3000000.0,300,Ni,Fe
304.7671180000096,9.619293441147033e-07,1976822.9128103592,3000000.0,300,Ni,Ni
300.97232683163816,3.635213714005524e-07,256341.21619749838,3000000.0,500,Al,Al
300.60115595890494,2.815736960360061e-07,177602.37430352482,3000000.0,500,Al,Cu
302.6995125325765,1.5607876617375914e-06,2286117.1966779646,3000000.0,500,Al,Fe
302.0540471712556,1.1256131183270178e-06,1646121.5266659153,3000000.0,500,Al,Ni
300.6011564358207,2.815357557700379e-07,157564.04964986516,3000000.0,500,Cu,Al
300.3654160197627,9.558295421091318e-08,103852.56867110981,3000000.0,500,Cu,Cu
301.8300039424612,5.430595453119381e-07,703311.8467383584,3000000.0,500,Cu,Fe
301.3574811654766,3.7937540054788403e-07,559527.7540527666,3000000.0,500,Cu,Ni
302.69951104116444,1.5605370878556514e-06,1859353.0449522494,3000000.0,500,Fe,Al
301.83000120279195,5.429705056633373e-07,626380.4364277712,3000000.0,500,Fe,Cu
305.31998556943563,1.015393045814106e-06,2143544.5506477803,3000000.0,500,Fe,Fe
304.45966135126275,9.306387205425591e-07,1956761.3780633234,3000000.0,500,Fe,Ni
302.05404616360545,1.1254350500875285e-06,1336988.3101452535,3000000.0,500,Ni,Al
301.3574793618707,3.793175079258733e-07,499002.04729478626,3000000.0,500,Ni,Cu
304.4596617169862,9.307306282773055e-07,1851026.3351328212,3000000.0,500,Ni,Fe
303.6289427555056,7.511928416328164e-07,1642295.1478315212,3000000.0,500,Ni,Ni
302.83886301028866,1.0174146842520299e-06,656632.1363994298,4000000.0,5,Al,Al
301.53117924734977,6.854879853509124e-07,433663.0333071273,4000000.0,5,Al,Cu
309.25470647583563,4.988513324487654e-06,7900585.373946765,4000000.0,5,Al,Fe
306.9235192542551,3.535031714581236e-06,5589316.2098231325,4000000.0,5,Al,Ni
301.5311866131148,6.853936848866725e-07,363194.9248979841,4000000.0,5,Cu,Al
300.85716670311194,2.191857890769926e-07,227318.3891606069,4000000.0,5,Cu,Cu
305.0476607386935,1.4476454938427045e-06,1952536.7670045858,4000000.0,5,Cu,Fe
303.71400063941377,1.0012587026265178e-06,1332762.9859061197,4000000.0,5,Cu,Ni
309.2546577130966,4.987701222088577e-06,6426382.436569457,4000000.0,5,Fe,Al
305.04760626562194,1.4474117832774158e-06,1575575.7089560411,4000000.0,5,Fe,Cu
324.6038223822964,4.312289880288776e-06,7507041.77729811,4000000.0,5,Fe,Fe
319.9118667112946,3.826257214839715e-06,6716566.141835467,4000000.0,5,Fe,Ni
306.9234881892399,3.534463457870481e-06,4540403.847057438,4000000.0,5,Ni,Al
303.7139636126898,1.0011081292173923e-06,1189745.574474178,4000000.0,5,Ni,Cu
319.9119049723424,3.826654706239646e-06,6304913.1575912805,4000000.0,5,Ni,Fe
315.6490335004637,2.9938764648132656e-06,5492166.171643536,4000000.0,5,Ni,Ni
302.82080666388663,1.01144087267602e-06,653426.9193504093,4000000.0,10,Al,Al
301.52454062036895,6.828795752719817e-07,431794.06116970046,4000000.0,10,Al,Cu
309.1691573423205,4.9472923937332755e-06,7828560.1126033915,4000000.0,10,Al,Fe
306.86182828872285,3.5069232556335743e-06,5540138.989133545,4000000.0,10,Al,Ni
301.5245470083539,6.827856557369503e-07,362029.50190052873,4000000.0,10,Cu,Al
300.8544311051679,2.1853992687415912e-07,226761.203870174,4000000.0,10,Cu,Cu
305.01947431445774,1.4403207839535203e-06,1941822.1132055174,4000000.0,10,Cu,Fe
303.69379108771636,9.96332640701657e-07,1327721.1743101685,4000000.0,10,Cu,Ni
309.1691108326247,4.946487144320669e-06,6367791.866995952,4000000.0,10,Fe,Al
305.0194249838601,1.4400882150454597e-06,1566914.5744760358,4000000.0,10,Fe,Cu
324.21968923880263,4.250138230224149e-06,7417249.486108048,4000000.0,10,Fe,Fe
319.61644071276424,3.774256243657759e-06,6640476.232730568,4000000.0,10,Fe,Ni
306.8617986524702,3.5063596296964915e-06,4500449.356219346,4000000.0,10,Ni,Al
303.69375978017507,9.96182782850806e-07,1185231.9589186031,4000000.0,10,Ni,Cu
319.6164716066479,3.7746480852328948e-06,6234099.861214089,4000000.0,10,Ni,Fe
315.4311442233513,2.9553919156519415e-06,5433551.800513514,4000000.0,10,Ni,Ni
302.7507709756754,9.882529404652882e-07,640979.5100748918,4000000.0,30,Al,Al
301.4985514745155,6.726540178170892e-07,424468.92157319485,4000000.0,30,Al,Cu
308.8420500156662,4.789291431029501e-06,7552613.893337248,4000000.0,30,Al,Fe
306.6255309536048,3.3990241071282136e-06,5351446.471262373,4000000.0,30,Al,Ni
301.4985562093357,6.725615912292084e-07,357459.40773773566,4000000.0,30,Cu,Al
300.84365715062313,2.1599531297019349e-07,224565.4350528475,4000000.0,30,Cu,Cu
304.909884153452,1.4117606493985373e-06,1900054.3769453631,4000000.0,30,Cu,Fe
303.615133292462,9.771139764098346e-07,1308039.6117606428,4000000.0,30,Cu,Ni
308.8420197860218,4.78851244322262e-06,6143316.884701313,4000000.0,30,Fe,Al
304.90985207929117,1.4115325327919167e-06,1533152.0328082708,4000000.0,30,Fe,Cu
322.7930428811886,4.018994803392731e-06,7082900.57081322,4000000.0,30,Fe,Fe
318.51693594234644,3.5800689895431094e-06,6356014.893606129,4000000.0,30,Fe,Ni
306.6255103943323,3.3984782526158718e-06,4347144.139105188,4000000.0,30,Ni,Al
303.61511066654225,9.769669107999398e-07,1167612.3023638602,4000000.0,30,Ni,Cu
318.5169541007882,3.58043974396145e-06,5969360.784288949,4000000.0,30,Ni,Fe
314.61546099838995,2.8111567494003726e-06,5213633.688146625,4000000.0,30,Ni,Ni
302.68403548665407,9.661376607659047e-07,629098.5129654083,4000000.0,50,Al,Al
301.47342504744057,6.627495722964056e-07,417376.40642805706,4000000.0,50,Al,Cu
308.53728893632666,4.641498425860898e-06,7294692.868898476,4000000.0,50,Al,Fe
306.4048010608,3.2978678699198613e-06,5174672.853017093,4000000.0,50,Al,Ni
301.4734289620493,6.626585909979843e-07,353030.67580098804,4000000.0,50,Cu,Al
300.833143934537,2.135111689739351e-07,222421.00996401516,4000000.0,50,Cu,Cu
304.8051041830218,1.384329742940047e-06,1859954.1186713353,4000000.0,50,Cu,Fe
303.53981532352014,9.586383721405235e-07,1289101.3550328647,4000000.0,50,Cu,Ni
308.5372642971734,4.640743993907269e-06,5933504.431946111,4000000.0,50,Fe,Al
304.8050777078601,1.3841059039745518e-06,1500737.6769845006,4000000.0,50,Fe,Cu
321.52114722252804,3.8124393740699747e-06,6783507.417419676,4000000.0,50,Fe,Fe
317.53274584807116,3.4054716732711097e-06,6099773.076973983,4000000.0,50,Fe,Ni
306.40478482371543,3.2973386698281663e-06,4203522.213762689,4000000.0,50,Ni,Al
303.53979712809115,9.584939917719508e-07,1150658.0862670105,4000000.0,50,Ni,Cu
317.53275909570937,3.405823484048482e-06,5730878.2434184635,4000000.0,50,Ni,Fe
313.8795909936557,2.6807654533646144e-06,5014464.471403712,4000000.0,50,Ni,Ni
302.5302117982552,9.150794296200962e-07,601630.1027001318,4000000.0,100,Al,Al
301.4141144166336,6.392973513906605e-07,400593.2402291124,4000000.0,100,Al,Cu
307.8593251369602,4.310641285352427e-06,6718080.112715126,4000000.0,100,Al,Fe
305.91180857704074,3.070612931714772e-06,4778043.83265147,4000000.0,100,Al,Ni
301.4141172015853,6.392097894793764e-07,342535.13264250214,4000000.0,100,Cu,Al
300.807941082246,2.0755159309502125e-07,217272.90387748997,4000000.0,100,Cu,Cu
304.5620913972606,1.320273101076178e-06,1766378.0094809032,4000000.0,100,Cu,Fe
303.3647342030749,9.154298886645627e-07,1244737.9874512085,4000000.0,100,Cu,Ni
307.8593086113803,4.309941789277521e-06,5464442.088755194,4000000.0,100,Fe,Al
304.5620728969188,1.320059256398926e-06,1425098.2545985943,4000000.0,100,Fe,Cu
318.8747009379388,3.3808440786188998e-06,6155639.445132914,4000000.0,100,Fe,Fe
315.47013896784887,3.0373630046694067e-06,5557727.656828467,4000000.0,100,Fe,Ni
305.91179771292366,3.07012112117682e-06,3881274.6652400475,4000000.0,100,Ni,Al
303.36472183449524,9.152917916909771e-07,1110942.4105349872,4000000.0,100,Ni,Cu
315.47014668992597,3.037674936043595e-06,5226375.515179883,4000000.0,100,Ni,Fe
312.321502270194,2.4036474813088925e-06,4589808.106529011,4000000.0,100,Ni,Ni
302.055563002305,7.566094238968188e-07,515941.82485537644,4000000.0,300,Al,Al
301.2176499408817,5.608602629755313e-07,347243.74483408063,4000000.0,300,Al,Cu
305.9605395035172,3.3670216268646796e-06,5081688.784638368,4000000.0,300,Al,Fe
304.51628624310126,2.416364717740527e-06,3641492.625324293,4000000.0,300,Al,Ni
301.2176513500193,5.607841016041201e-07,307323.6907091987,4000000.0,300,Cu,Al
300.7204123351131,1.867944576869361e-07,199297.68229771475,4000000.0,300,Cu,Cu
303.79686729660557,1.1147815543905774e-06,1466952.3380256472,4000000.0,300,Cu,Fe
302.8100980411223,7.762093916216613e-07,1100944.199811247,4000000.0,300,Cu,Ni
305.96053362870896,3.3664784500608515e-06,4133251.9518461213,4000000.0,300,Fe,Al
303.7968588430577,1.1145998332282282e-06,1233309.909744576,4000000.0,300,Fe,Cu
312.6063000985877,2.3426090539102664e-06,4624819.933251614,4000000.0,300,Fe,Fe
310.48866665124353,2.133190148084329e-06,4209909.81700042,4000000.0,300,Fe,Ni
304.51628228443116,2.415980288608255e-06,2957851.313255962,4000000.0,300,Ni,Al
302.8100924376954,7.76091583314625e-07,982213.3662369729,4000000.0,300,Ni,Cu
310.48866867830475,2.1334046366664583e-06,3971677.245953724,4000000.0,300,Ni,Fe
308.4748764468905,1.710096612160454e-06,3514351.8458876777,4000000.0,300,Ni,Ni
301.7285810335908,6.462602157690455e-07,455717.71766286046,4000000.0,500,Al,Al
301.0687216934862,5.00575454847437e-07,315737.5512745958,4000000.0,500,Al,Cu
304.7991333898912,2.7747336201820865e-06,4064208.3484754665,4000000.0,500,Al,Fe
303.65163941583006,2.0010899881008963e-06,2926438.2697732695,4000000.0,500,Al,Ni
301.068722549867,5.005080091659267e-07,280113.86538834986,4000000.0,500,Cu,Al
300.6496284682447,1.6992524904005623e-07,184626.7857211207,4000000.0,500,Cu,Cu
303.2533403382629,9.65439190296958e-07,1250332.170450538,4000000.0,500,Cu,Fe
302.4132998472154,6.744451555925394e-07,994716.0061673836,4000000.0,500,Cu,Ni
304.7991307405046,2.774288156883816e-06,3305516.524829213,4000000.0,500,Fe,Al
303.25333545953043,9.652808947428426e-07,1113565.2170173198,4000000.0,500,Fe,Cu
309.4577521231133,1.8051431925517677e-06,3810745.86805174,4000000.0,500,Fe,Fe
307.92828684830124,1.654468836825563e-06,3478686.894937203,4000000.0,500,Fe,Ni
303.6516376250207,2.0007734230710464e-06,2376868.107473325,4000000.0,500,Ni,Al
302.41329663161287,6.743422325738992e-07,887114.7473067978,4000000.0,500,Ni,Cu
307.9282874966986,1.654632228040071e-06,3290713.4850093224,4000000.0,500,Ni,Fe
306.45145378941834,1.3354539409838416e-06,2919635.8191140355,4000000.0,500,Ni,Ni
304.43572345324264,1.5897104441036364e-06,1025987.7131108457,5000000.0,5,Al,Al
302.39246756257563,1.0710749723310553e-06,677598.4863012381,5000000.0,5,Al,Cu
314.46047886676195,7.794552068654326e-06,12344664.64529753,5000000.0,5,Al,Fe
310.8179988351416,5.523487054065087e-06,8733306.57807971,5000000.0,5,Al,Ni
302.3924790802962,1.0709276315540675e-06,567492.0695558327,5000000.0,5,Cu,Al
301.33932296297905,3.424777927698549e-07,355184.9803896788,5000000.0,5,Cu,Cu
307.88696989992815,2.2619460827491947e-06,3050838.696754926,5000000.0,5,Cu,Fe
305.803125996293,1.5644667219299396e-06,2082442.1644818874,5000000.0,5,Cu,Ni
314.46040267783843,7.793283160376636e-06,10041222.557950705,5000000.0,5,Fe,Al
307.88688477656905,2.2615809070543172e-06,2461837.040934602,5000000.0,5,Fe,Cu
338.4434724719247,6.73795293793063e-06,11729752.777200157,5000000.0,5,Fe,Fe
331.11229173922214,5.9785268987049436e-06,10494634.59748468,5000000.0,5,Fe,Ni
310.8179502969973,5.5225991537819275e-06,7094381.011905238,5000000.0,5,Ni,Al
305.80306813187235,1.5642314480672277e-06,1858977.4566057387,5000000.0,5,Ni,Cu
331.11235151913996,5.979147978494351e-06,9851426.808988916,5000000.0,5,Ni,Fe
324.45161484755255,4.677931976786046e-06,8581509.644169673,5000000.0,5,Ni,Ni
304.4075104117262,1.5803763634245266e-06,1020979.5614134491,5000000.0,10,Al,Al
302.3820947079186,1.0669993315787405e-06,674678.2173358676,5000000.0,10,Al,Cu
314.32680834544806,7.730144364232554e-06,12232125.174275065,5000000.0,10,Al,Fe
310.7216067014019,5.479567586909373e-06,8656467.170666497,5000000.0,10,Al,Ni
302.3821046978498,1.0668525859962848e-06,565671.096111271,5000000.0,10,Cu,Al
301.33504859134376,3.4146863311396396e-07,354314.37840446323,5000000.0,10,Cu,Cu
307.8429286121828,2.250501223583682e-06,3034097.050244938,5000000.0,10,Cu,Fe
305.77154857190646,1.5567697502084246e-06,2074564.3339074336,5000000.0,10,Cu,Ni
314.32673567688744,7.72888616372419e-06,9949674.792842977,5000000.0,10,Fe,Al
307.84285152399815,2.2501378317418695e-06,2448304.018365946,5000000.0,10,Fe,Cu
337.84326443519154,6.6408409846955085e-06,11589452.322191795,5000000.0,10,Fe,Fe
330.65068861655936,5.897275381243197e-06,10375744.114528155,5000000.0,10,Fe,Ni
310.72156039563134,5.478686922163694e-06,7031952.119865742,5000000.0,10,Ni,Al
305.7714996437556,1.5565355944179078e-06,1851924.9323479384,5000000.0,10,Ni,Cu
330.65073688533334,5.897887633189089e-06,9740781.033424074,5000000.0,10,Ni,Fe
324.11116285227246,4.617799868765811e-06,8489924.68937279,5000000.0,10,Ni,Ni
304.2980796489591,1.5441452193758787e-06,1001530.4844483661,5000000.0,30,Al,Al
302.3414866677014,1.0510218981278958e-06,663232.686767885,5000000.0,30,Al,Cu
313.8157031476041,7.483267860054543e-06,11800959.206722604,5000000.0,30,Al,Fe
310.35239211527306,5.310975167377588e-06,8361635.111482675,5000000.0,30,Al,Ni
302.3414940743543,1.0508774851968514e-06,558530.3239780335,5000000.0,30,Cu,Al
301.31821428735884,3.374926738807392e-07,350883.48961158,5000000.0,30,Cu,Cu
307.6716939855164,2.205876013304286e-06,2968834.962301113,5000000.0,30,Cu,Fe
305.648645766762,1.5267405872293525e-06,2043811.8923916467,5000000.0,30,Cu,Ni
313.81565591653265,7.4820506932645475e-06,9598932.632979376,5000000.0,30,Fe,Al
307.6716438607815,2.2055195782540887e-06,2395550.0470639183,5000000.0,30,Fe,Cu
335.61412950129136,6.279679380252243e-06,11067032.142013557,5000000.0,30,Fe,Fe
328.93271241255434,5.59385779664873e-06,9931273.272082204,5000000.0,30,Fe,Ni
310.35235999226575,5.310122270486059e-06,6792412.718108983,5000000.0,30,Ni,Al
305.64861040391514,1.5265107943830943e-06,1824394.21901934,5000000.0,30,Ni,Cu
328.93274078228467,5.594437099930934e-06,9327126.225698054,5000000.0,30,Ni,Fe
322.83665781302346,4.392432421456124e-06,8146302.638733453,5000000.0,30,Ni,Ni
304.1938054473065,1.5095900948067241e-06,982966.4264217593,5000000.0,50,Al,Al
302.30222662549255,1.0355462020348973e-06,652150.6318801661,5000000.0,50,Al,Cu
313.33951396122944,7.252341289495173e-06,11397957.606111366,5000000.0,50,Al,Fe
310.00750165778675,5.152918546730279e-06,8085426.333001588,5000000.0,50,Al,Ni
302.30223275046546,1.0354040473260275e-06,551610.4303222036,5000000.0,50,Cu,Al
301.30178738725067,3.336111989008133e-07,347532.825427743,5000000.0,50,Cu,Cu
307.50797528180277,2.16301522199055e-06,2906178.3087776997,5000000.0,50,Cu,Fe
305.5309614403263,1.4978724555724331e-06,2014220.8662836207,5000000.0,50,Cu,Ni
313.33947546513974,7.251162491140015e-06,9271100.675497862,5000000.0,50,Fe,Al
307.5079339056209,2.162665470780607e-06,2344902.61614745,5000000.0,50,Fe,Cu
333.62679253477717,5.956936521956405e-06,10599230.33986382,5000000.0,50,Fe,Fe
327.39491539024385,5.321049489973544e-06,9530895.433602875,5000000.0,50,Fe,Ni
310.0074762881215,5.152091672321136e-06,6568003.459725693,5000000.0,50,Ni,Al
305.5309330002687,1.4976468584463906e-06,1797903.2564134568,5000000.0,50,Ni,Cu
327.3949360870427,5.3215991938504845e-06,8954497.25563697,5000000.0,50,Ni,Fe
321.6868609306629,4.18869602140933e-06,7835100.737597691,5000000.0,50,Ni,Ni
303.9534559344752,1.429811608747403e-06,940047.035455925,5000000.0,100,Al,Al
302.2095537654468,9.989021071023516e-07,625926.9348624232,5000000.0,100,Al,Cu
312.28019552499745,6.735377007609881e-06,10497000.174827747,5000000.0,100,Al,Fe
309.2372009019887,4.797832705839904e-06,7465693.488745558,5000000.0,100,Al,Ni
302.2095581248538,9.987652949974465e-07,535211.1441543611,5000000.0,100,Cu,Al
301.26240793084213,3.24299361650084e-07,339488.90970391914,5000000.0,100,Cu,Cu
307.12826780416265,2.062926719091922e-06,2759965.6382110864,5000000.0,100,Cu,Fe
305.2573971895983,1.4303592001192069e-06,1944903.1044003977,5000000.0,100,Cu,Ni
312.280169706208,6.734284046489584e-06,8538190.764358336,5000000.0,100,Fe,Al
307.1282388892729,2.062592584136501e-06,2226716.0189045714,5000000.0,100,Fe,Cu
329.49172021510424,5.2825688728125255e-06,9618186.6331602,5000000.0,100,Fe,Fe
324.17209213952924,4.745879695211552e-06,8683949.464508727,5000000.0,100,Fe,Ni
309.2371839275601,4.797064252594525e-06,6064491.665195733,5000000.0,100,Ni,Al
305.2573778547083,1.4301434209869044e-06,1735847.5132123185,5000000.0,100,Ni,Cu
324.17210420284994,4.746367087558916e-06,8166211.742702194,5000000.0,100,Ni,Fe
319.2523472997194,3.7556991899707944e-06,7171575.1673047915,5000000.0,100,Ni,Ni
303.2118171907893,1.1822022247980572e-06,806159.1013206608,5000000.0,300,Al,Al
301.902578023627,8.763441570854766e-07,542568.3489233843,5000000.0,300,Al,Cu
309.3133429730239,5.260971291362887e-06,7940138.724944726,5000000.0,300,Al,Fe
307.0566972551005,3.775569871463551e-06,5689832.227222451,5000000.0,300,Al,Ni
301.90258023228955,8.762251578983472e-07,480193.2662345081,5000000.0,300,Cu,Al
301.1256442647919,2.918663379008481e-07,311402.62628472445,5000000.0,300,Cu,Cu
305.93260514775295,1.74184617765305e-06,2292113.0269081295,5000000.0,300,Cu,Fe
304.3907781872433,1.2128271736884922e-06,1720225.3114107004,5000000.0,300,Cu,Ni
309.3133337954163,5.260122578761712e-06,6458206.175162868,5000000.0,300,Fe,Al
305.9325919322481,1.7415622360258703e-06,1927046.7313159106,5000000.0,300,Fe,Cu
319.6973439036297,3.6603266467026374e-06,7226281.145827845,5000000.0,300,Fe,Fe
316.3885416440379,3.333109606653412e-06,6577984.0895611765,5000000.0,300,Fe,Ni
307.0566910702037,3.7749692015362746e-06,4621642.677488994,5000000.0,300,Ni,Al
304.39076942426675,1.2126430959312363e-06,1534708.3819902183,5000000.0,300,Ni,Cu
316.38854480969513,3.3334447447820924e-06,6205745.697033415,5000000.0,300,Ni,Fe
313.24199445002336,2.6720259567907346e-06,5491174.759843857,5000000.0,300,Ni,Ni
302.70090786467154,1.0097815870998636e-06,712058.9338337356,5000000.0,500,Al,Al
301.6698776379493,7.821491447484006e-07,493339.9216678319,5000000.0,500,Al,Cu
307.498645920724,4.3355212810384035e-06,6350325.543641258,5000000.0,500,Al,Fe
305.7056865874264,3.1267031063820077e-06,4572559.796625298,5000000.0,500,Al,Ni
301.6698789822134,7.820437635315939e-07,437677.9141945492,5000000.0,500,Cu,Al
301.01504447343564,2.6550819953448354e-07,288479.3505001144,5000000.0,500,Cu,Cu
305.0833442757216,1.5084987338489835e-06,1953644.0152230812,5000000.0,500,Cu,Fe
303.77078100945084,1.0538205549353677e-06,1554243.758887095,5000000.0,500,Cu,Ni
307.4986417825132,4.334825245634428e-06,5164869.570381606,5000000.0,500,Fe,Al
305.08333664676644,1.5082513949882193e-06,1739945.649203916,5000000.0,500,Fe,Cu
314.7777376921274,2.8205362383573334e-06,5954290.41900028,5000000.0,500,Fe,Fe
312.3879482016356,2.585107557760926e-06,5435448.273775545,5000000.0,500,Fe,Ni
305.7056837896983,3.1262084740505114e-06,3713856.418325695,5000000.0,500,Ni,Al
303.7707759784239,1.0536597356930268e-06,1386116.7901776473,5000000.0,500,Ni,Cu
312.3879492134718,2.585362856306426e-06,5141739.8205654295,5000000.0,500,Ni,Fe
310.0803965473058,2.0866467830068525e-06,4561930.967909439,5000000.0,500,Ni,Ni
306.3874417724082,2.28918303947775e-06,1477422.3068696633,6000000.0,5,Al,Al
303.445153281185,1.542347956417609e-06,975741.817738386,6000000.0,5,Al,Cu
320.8230895667831,1.122415497819157e-05,17776317.08806669,6000000.0,5,Al,Fe
315.5779183228925,7.953821357878871e-06,12575961.472616315,6000000.0,5,Al,Ni
303.4451698735178,1.542135788592407e-06,817188.5796948761,6000000.0,5,Cu,Al
301.92862505837275,4.93168019505502e-07,511466.36966852524,6000000.0,5,Cu,Cu
311.3572366525477,3.257202358079343e-06,4393207.722007125,6000000.0,5,Cu,Fe
308.3565014324784,2.252832078856084e-06,2998716.716075748,6000000.0,5,Cu,Ni
320.8229798569671,1.1222327751617235e-05,14459360.484092884,6000000.0,5,Fe,Al
311.3571140677263,3.2566765027807045e-06,3545045.3355767843,6000000.0,5,Fe,Cu
355.3586003592486,9.702652230604034e-06,16890843.99930123,6000000.0,5,Fe,Fe
344.8017001066892,8.609078734540343e-06,15112273.821057577,6000000.0,5,Fe,Ni
315.57784842870035,7.952542782118128e-06,10215908.657841146,6000000.0,5,Ni,Al
308.3564180997621,2.252493282216735e-06,2676927.5347638763,6000000.0,5,Ni,Cu
344.8017861874476,8.609973089028057e-06,14186054.605142778,6000000.0,5,Ni,Fe
335.2103253828833,6.7362220469750236e-06,12357373.88837119,6000000.0,5,Ni,Ni
306.3468149924187,2.2757419632282516e-06,1470210.5683806052,6000000.0,10,Al,Al
303.43021637047946,1.5364790337319083e-06,971536.630428348,6000000.0,10,Al,Cu
320.63060401593657,1.1131407883731492e-05,17614260.2496522,6000000.0,10,Al,Fe
315.4391136502308,7.890577325135202e-06,12465312.725871312,6000000.0,10,Al,Ni
303.4302307627901,1.5362677229790443e-06,814566.3779239249,6000000.0,10,Cu,Al
301.9224699633365,4.917148296291508e-07,510212.70283415366,6000000.0,10,Cu,Cu
311.2938171982925,3.240721760909127e-06,4369099.751070044,6000000.0,10,Cu,Fe
308.3110299414725,2.2417484396053394e-06,2987372.640080582,6000000.0,10,Cu,Ni
320.63049937543093,1.1129596076329424e-05,14327531.702211414,6000000.0,10,Fe,Al
311.29370618416726,3.2401984743707735e-06,3525557.7831220767,6000000.0,10,Fe,Cu
354.4943007863334,9.562811017938157e-06,16688811.344071519,6000000.0,10,Fe,Fe
344.13699161008765,8.492076549403292e-06,14941071.525613619,6000000.0,10,Fe,Ni
315.43904697060657,7.889309168512674e-06,10126011.053211909,6000000.0,10,Ni,Al
308.31095947702113,2.2414112530005505e-06,2666771.899875443,6000000.0,10,Ni,Cu
344.1370611148381,8.4929581918024e-06,14026724.68834732,6000000.0,10,Ni,Fe
334.72007450984285,6.649631811460484e-06,12225491.553530946,6000000.0,10,Ni,Ni
306.1892346940838,2.223569115821934e-06,1442203.897570256,6000000.0,30,Al,Al
303.3717407927059,1.5134715296183103e-06,955055.0664501471,6000000.0,30,Al,Cu
319.89461253108294,1.0775905717752079e-05,16993381.256416805,6000000.0,30,Al,Fe
314.9074446461985,7.647804241014639e-06,12040754.560650723,6000000.0,30,Al,Ni
303.3717514649343,1.5132635778244586e-06,804283.666048813,6000000.0,30,Cu,Al
301.8982285655906,4.859894483266175e-07,505272.22295961453,6000000.0,30,Cu,Cu
311.04723933581624,3.176461458077908e-06,4275122.344402107,6000000.0,30,Cu,Fe
308.1340499020172,2.1985064448977786e-06,2943089.1242733253,6000000.0,30,Cu,Ni
319.8945445204909,1.0774152998872371e-05,13822462.9919912,6000000.0,30,Fe,Al
311.047167149269,3.1759481893738746e-06,3449592.0644859783,6000000.0,30,Fe,Cu
351.2843464814169,9.042738307524916e-06,15936526.284592792,6000000.0,30,Fe,Fe
341.66310587614214,8.0551552275557e-06,14301033.512442194,6000000.0,30,Fe,Ni
314.90739838974076,7.646576070104204e-06,9781074.314681655,6000000.0,30,Ni,Al
308.13399897181426,2.198175540984848e-06,2627127.672708442,6000000.0,30,Ni,Cu
341.6631467263357,8.055989423893761e-06,13431061.765201708,6000000.0,30,Ni,Fe
332.88478725313115,6.325102687301886e-06,11730675.800558515,6000000.0,30,Ni,Ni
306.039079843659,2.1738097364120167e-06,1415471.6539792872,6000000.0,50,Al,Al
303.3152063320009,1.4911865272714056e-06,939096.907432659,6000000.0,50,Al,Cu
319.20890010277583,1.0443371456158789e-05,16413058.951593792,6000000.0,50,Al,Fe
314.41080238743797,7.4202027072765735e-06,11643013.919652386,6000000.0,50,Al,Ni
303.3152151585298,1.4909818272819064e-06,794319.0191795944,6000000.0,50,Cu,Al
301.8745738294559,4.804001243667934e-07,500447.2665499423,6000000.0,50,Cu,Cu
310.81148440253503,3.114741918607301e-06,4184896.763350512,6000000.0,50,Cu,Fe
307.9645844719779,2.15693633532221e-06,2900478.046698511,6000000.0,50,Cu,Ni
319.20884467043294,1.0441673987757188e-05,13350384.973177703,6000000.0,50,Fe,Al
310.8114248139948,3.114238274654089e-06,3376659.76401181,6000000.0,50,Fe,Cu
348.42258124974757,8.577988591595205e-06,15262891.68951665,6000000.0,50,Fe,Fe
339.4486781640101,7.662311265943153e-06,13724489.425036961,6000000.0,50,Fe,Ni
314.4107658557292,7.419012008701767e-06,9457924.98256629,6000000.0,50,Ni,Al
307.96454351070753,2.156611473271008e-06,2588980.6865959065,6000000.0,50,Ni,Cu
339.4487079653392,7.663102839164035e-06,12894476.0483473,6000000.0,50,Ni,Fe
331.2290797425603,6.0317222712419586e-06,11282545.06294547,6000000.0,50,Ni,Ni
305.6929765454105,2.058928716569444e-06,1353667.7310460955,6000000.0,100,Al,Al
303.1817574139974,1.4384190307503986e-06,901334.7838590161,6000000.0,100,Al,Cu
317.68348155482073,9.698942890368767e-06,15115680.250736888,6000000.0,100,Al,Fe
313.30156929914654,6.9088790964372744e-06,10750598.623973535,6000000.0,100,Al,Ni
303.1817636977371,1.4382220239638814e-06,770704.0471120067,6000000.0,100,Cu,Al
301.81786741246026,4.6699107877300975e-07,488864.0279369246,6000000.0,100,Cu,Cu
310.26470563482087,2.9706144744445773e-06,3974350.517770313,6000000.0,100,Cu,Fe
307.5706519509058,2.0597172474531575e-06,2800660.4695605696,6000000.0,100,Cu,Ni
317.68344437766467,9.69736902752609e-06,12294994.701200126,6000000.0,100,Fe,Al
310.2646639910393,2.9701333180375055e-06,3206471.064169418,6000000.0,100,Fe,Cu
342.46807710941675,7.6068991768268595e-06,13850188.751855643,6000000.0,100,Fe,Fe
334.8078126826931,6.834066761429797e-06,12504887.22945176,6000000.0,100,Fe,Ni
313.3015448565602,6.9077725243269835e-06,8732867.998470562,6000000.0,100,Ni,Al
307.57062410163513,2.059406523459543e-06,2499620.416485464,6000000.0,100,Ni,Cu
334.8078300519793,6.8347686060774815e-06,11759344.909675192,6000000.0,100,Ni,Fe
327.723380113584,5.408206833890861e-06,10327068.241585426,6000000.0,100,Ni,Ni
304.62501675449187,1.7023712036770873e-06,1160869.1058883679,6000000.0,300,Al,Al
302.7397123469821,1.2619355832196286e-06,781298.4205861092,6000000.0,300,Al,Cu
313.4112138801981,7.575798659082999e-06,11433799.763089413,6000000.0,300,Al,Fe
310.1616440475444,5.436820614903016e-06,8193358.407320055,6000000.0,300,Al,Ni
302.73971553284264,1.2617642267030627e-06,691478.3029864198,6000000.0,300,Cu,Al
301.6209277343978,4.202875248286423e-07,448419.7800450322,6000000.0,300,Cu,Cu
308.54295141026677,2.5082584949735633e-06,3300642.7577612386,6000000.0,300,Cu,Fe
306.32272058805796,1.7464711295476247e-06,2477124.447810525,6000000.0,300,Cu,Ni
313.4112006658365,7.574576513840826e-06,9299816.892552093,6000000.0,300,Fe,Al
308.5429323745922,2.507849617222837e-06,2774947.2910144725,6000000.0,300,Fe,Cu
328.3641752209039,5.270870371226701e-06,10405844.850088233,6000000.0,300,Fe,Fe
323.59949996856307,4.799677833793409e-06,9472297.089357646,6000000.0,300,Fe,Ni
310.1616351417039,5.435955650670284e-06,6655165.455993147,6000000.0,300,Ni,Al
306.32270796340964,1.7462060557961626e-06,2209980.067909676,6000000.0,300,Ni,Cu
323.5995045258391,4.800160432478851e-06,8936273.803906865,6000000.0,300,Ni,Fe
319.0684720094077,3.847717378005519e-06,7907291.654676802,6000000.0,300,Ni,Ni
303.88930732488257,1.4540854853932712e-06,1025364.8647085165,6000000.0,500,Al,Al
302.40462379229194,1.1262947657381556e-06,710409.4854799958,6000000.0,500,Al,Cu
310.7980501250754,6.243150644307916e-06,9144468.782189297,6000000.0,500,Al,Fe
308.2161886860435,4.502452473169437e-06,6584486.1072216835,6000000.0,500,Al,Ni
302.40462573285777,1.1261430188673737e-06,630256.1960688212,6000000.0,500,Cu,Al
301.4616640353357,3.8233180569441634e-07,415410.26300794823,6000000.0,500,Cu,Cu
307.3200157548384,2.1722381759682512e-06,2813247.381058516,6000000.0,500,Cu,Fe
305.42992465218356,1.5175015985767155e-06,2238111.012210931,6000000.0,500,Cu,Ni
310.7980441671901,6.2421483541078194e-06,7437412.181614284,6000000.0,500,Fe,Al
307.3200047644985,2.17188200639891e-06,2505521.732987227,6000000.0,500,Fe,Cu
321.2799422764778,4.061572183230838e-06,8574178.203492098,6000000.0,500,Fe,Fe
317.83864541126746,3.722554883348498e-06,7827045.514575147,6000000.0,500,Fe,Ni
308.2161846576374,4.501740203025361e-06,5347953.242698372,6000000.0,500,Ni,Al
305.42991740230434,1.517270017282996e-06,1996008.1759090798,6000000.0,500,Ni,Cu
317.8386468673057,3.7229225130765347e-06,7404105.34179957,6000000.0,500,Ni,Fe
314.51577102916855,3.004771367701465e-06,6569180.594212684,6000000.0,500,Ni,Ni
308.69401796778544,3.115832470374522e-06,2010935.9176760083,7000000.0,5,Al,Al
304.6892364031777,2.099306937611292e-06,1328093.027618954,7000000.0,5,Al,Cu
328.3425385758985,1.5277322053099158e-05,24195542.70224272,7000000.0,5,Al,Fe
321.20327771750715,1.082603462602283e-05,17117280.893423855,7000000.0,5,Al,Ni
304.6892589927798,2.099018156001374e-06,1112284.455312298,7000000.0,5,Cu,Al
302.6250729892919,6.712564692840863e-07,696162.5569992074,7000000.0,5,Cu,Cu
315.45846099655233,4.433414319832754e-06,5979643.842758804,7000000.0,5,Cu,Fe
311.37412694797086,3.066354773405379e-06,4081586.640684512,7000000.0,5,Cu,Ni
328.34238925048294,1.5274834995811253e-05,19680796.214968957,7000000.0,5,Fe,Al
315.45829413909445,4.4326985704581885e-06,4825200.59287836,7000000.0,5,Fe,Cu
375.3492060442676,1.3206387758309044e-05,22990315.443601042,7000000.0,5,Fe,Fe
360.9800918136956,1.171791272234548e-05,20569483.812551428,7000000.0,5,Fe,Ni
321.20318258434884,1.082429434287995e-05,13904986.784848398,7000000.0,5,Ni,Al
311.3740135163589,3.065893631665883e-06,3643595.808953312,7000000.0,5,Ni,Cu
360.9802089772658,1.1719130037840504e-05,19308796.546048343,7000000.0,5,Ni,Fe
347.925165106456,9.168746675380087e-06,16819758.90424266,7000000.0,5,Ni,Ni
308.6387204059644,3.0975376720870236e-06,2001119.9402495972,7000000.0,10,Al,Al
304.6689056080511,2.091318681730552e-06,1322369.3004467646,7000000.0,10,Al,Cu
328.0805443537866,1.515108295222999e-05,23974965.33872543,7000000.0,10,Al,Fe
321.0143491352118,1.0739952470311743e-05,16966675.654757492,7000000.0,10,Al,Ni
304.66892520317333,2.091031066686246e-06,1108715.3473395146,7000000.0,10,Cu,Al
302.61669522114533,6.692785164198713e-07,694456.1771602301,7000000.0,10,Cu,Cu
315.37214007278425,4.410982395929971e-06,5946830.215684311,7000000.0,10,Cu,Fe
311.31223519641514,3.051268708893036e-06,4066146.09283188,7000000.0,10,Cu,Ni
328.08040192825524,1.5148616882135165e-05,19501362.59510515,7000000.0,10,Fe,Al
315.37198896436735,4.410270142932204e-06,4798675.868741238,7000000.0,10,Fe,Cu
374.17279829222866,1.3016048329952188e-05,22715326.551743053,7000000.0,10,Fe,Fe
360.0753496933477,1.1558659748137728e-05,20336458.46598988,7000000.0,10,Fe,Ni
321.0142583773951,1.0738226368742625e-05,13782626.156260978,7000000.0,10,Ni,Al
311.3121392799707,3.050809758597653e-06,3629772.861496296,7000000.0,10,Ni,Cu
360.0754442951608,1.1559859761072644e-05,19091930.82598461,7000000.0,10,Ni,Fe
347.2578791960618,9.050887743735954e-06,16640252.392991126,7000000.0,10,Ni,Ni
308.42423611104914,3.026524629803732e-06,1962999.74944196,7000000.0,30,Al,Al
304.5893138495292,2.0600029122889155e-06,1299936.0606193382,7000000.0,30,Al,Cu
327.07877816610454,1.4667205004121335e-05,23129880.042413842,7000000.0,30,Al,Fe
320.29068854638456,1.0409511328041613e-05,16388804.818754321,7000000.0,30,Al,Ni
304.5893283810736,2.059719869111409e-06,1094719.433951743,7000000.0,30,Cu,Al
302.58369998531913,6.61485636308294e-07,687731.635098861,7000000.0,30,Cu,Cu
315.0365202043537,4.323516983719406e-06,5818916.5232459605,7000000.0,30,Cu,Fe
311.0713456982282,2.9924115494148892e-06,4005871.3074080953,7000000.0,30,Cu,Ni
327.0786855978962,1.4664819360045135e-05,18813907.96172805,7000000.0,30,Fe,Al
315.03642194475435,4.322818366152472e-06,4695278.085075513,7000000.0,30,Fe,Cu
369.80369382156476,1.2308171585210846e-05,21691382.998547245,7000000.0,30,Fe,Fe
356.70811633310973,1.0963961282263815e-05,19465295.614687055,7000000.0,30,Fe,Ni
320.29062558675645,1.0407839651472393e-05,13313128.928797131,7000000.0,30,Ni,Al
311.07127637024143,2.991961150605022e-06,3575812.663432928,7000000.0,30,Ni,Cu
356.7081719329416,1.0965096715849914e-05,18281167.402796,7000000.0,30,Ni,Fe
344.75984931871346,8.609167546938026e-06,15966753.17362764,7000000.0,30,Ni,Ni
308.2198586757122,2.9587965855820727e-06,1926614.195638674,7000000.0,50,Al,Al
304.51236416696537,2.0296705480052475e-06,1278215.2330860854,7000000.0,50,Al,Cu
326.14544736096883,1.421458892585269e-05,22339996.905353308,7000000.0,50,Al,Fe
319.6147032497524,1.0099720351558623e-05,15847435.612955365,7000000.0,50,Al,Ni
304.51237618624117,2.029391930865743e-06,1081156.4423743142,7000000.0,50,Cu,Al
302.5515032611524,6.538779453719345e-07,681164.3333300287,7000000.0,50,Cu,Cu
314.7156315452187,4.239509832791101e-06,5696109.482391764,7000000.0,50,Cu,Fe
310.84068441847535,2.93583001139043e-06,3947872.896281015,7000000.0,50,Cu,Ni
326.14537191305124,1.421227848376033e-05,18171357.32499088,7000000.0,50,Fe,Al
314.71555043298224,4.2388243155957e-06,4596009.120581857,7000000.0,50,Fe,Cu
365.9085133674403,1.1675595582986533e-05,20774491.466377772,7000000.0,50,Fe,Fe
353.6940341693705,1.0429257001179869e-05,18680555.051280193,7000000.0,50,Fe,Ni
319.61465352653784,1.0098099678969084e-05,12873286.782300891,7000000.0,50,Ni,Al
310.8406286594079,2.9353878362455466e-06,3523890.376808763,7000000.0,50,Ni,Cu
353.6940747305986,1.043033441998929e-05,17550814.621552948,7000000.0,50,Ni,Fe
342.50624742934804,8.209844202862129e-06,15356797.447449999,7000000.0,50,Ni,Ni
307.7487736310614,2.802430753086506e-06,1842492.1894718017,7000000.0,100,Al,Al
304.3307253622838,1.95784812233432e-06,1226816.787218,7000000.0,100,Al,Cu
324.0691832264296,1.32013389336293e-05,20574120.34044688,7000000.0,100,Al,Fe
318.1049137685151,9.403752103506295e-06,14632759.23832418,7000000.0,100,Al,Ni
304.3307339202358,1.9575799763792077e-06,1049013.8415179783,7000000.0,100,Cu,Al
302.47431952709894,6.356267444634393e-07,665398.2585761304,7000000.0,100,Cu,Cu
313.97140488923526,4.043336367134157e-06,5409532.648158685,7000000.0,100,Cu,Fe
310.3044984869952,2.8035040306658593e-06,3812010.0829303917,7000000.0,100,Cu,Ni
324.06913262574955,1.3199196732387719e-05,16734853.899289321,7000000.0,100,Fe,Al
313.9713482022176,4.042681458102875e-06,4364363.390388379,7000000.0,100,Fe,Cu
357.80377162087746,1.0353834990662002e-05,18851645.80122673,7000000.0,100,Fe,Fe
347.37730059734207,9.301924203323985e-06,17020540.951657347,7000000.0,100,Fe,Ni
318.1048804999238,9.402245936374927e-06,11886403.66506807,7000000.0,100,Ni,Al
310.3044605752761,2.803081099109112e-06,3402261.1203527167,7000000.0,100,Ni,Cu
347.37732423731376,9.302879491599497e-06,16005775.016095618,7000000.0,100,Ni,Fe
337.7346007117877,7.361170413069053e-06,14056287.329371627,7000000.0,100,Ni,Ni
306.29516169341366,2.3171163605344514e-06,1580071.838559503,7000000.0,300,Al,Al
303.7290529109472,1.7176345413781285e-06,1063433.9598253444,7000000.0,300,Al,Cu
318.254152225041,1.0311503730024586e-05,15562671.899092732,7000000.0,300,Al,Fe
313.8311266204322,7.400116948058266e-06,11152071.16561539,7000000.0,300,Al,Ni
303.72905725167783,1.7174013080173993e-06,941178.8009662961,7000000.0,300,Cu,Al
302.20626274393334,5.720580184708463e-07,610349.1435809231,7000000.0,300,Cu,Cu
311.62790608414554,3.4140185063527742e-06,4492541.530588631,7000000.0,300,Cu,Fe
308.60592524356645,2.3771412591995994e-06,3371641.6090117935,7000000.0,300,Cu,Ni
318.2541342399689,1.0309840255297237e-05,12658084.104020096,7000000.0,300,Fe,Al
311.62788017009035,3.4134619768197764e-06,3777011.5888396017,7000000.0,300,Fe,Cu
338.6067940504093,7.174240227482355e-06,14163511.046031887,7000000.0,300,Fe,Fe
332.12154162482096,6.532894829504317e-06,12892848.8163901,7000000.0,300,Fe,Ni
313.83111449893096,7.3989396360098745e-06,9058419.648776455,7000000.0,300,Ni,Al
308.6059080551239,2.376780462909186e-06,3008028.423997721,7000000.0,300,Ni,Cu
332.1215478267364,6.5335516997569915e-06,12163261.56657714,7000000.0,300,Ni,Fe
325.95430912504395,5.237170875804797e-06,10762702.530391747,7000000.0,300,Ni,Ni
305.29377941422246,1.979171910648938e-06,1395635.5102872914,7000000.0,500,Al,Al
303.27296015651507,1.5330123178167963e-06,966946.2427130244,7000000.0,500,Al,Cu
314.6973460029451,8.497621709989978e-06,12446638.064100798,7000000.0,500,Al,Fe
311.1831457116827,6.1283380884646056e-06,8962217.20156478,7000000.0,500,Al,Ni
303.2729628018019,1.5328057751730036e-06,857848.7110111943,7000000.0,500,Cu,Al
301.9894871539454,5.203960675197878e-07,565419.5232440882,7000000.0,500,Cu,Cu
309.963354775613,2.956657516654908e-06,3829142.267953751,7000000.0,500,Cu,Fe
307.39073077541246,2.06548828651633e-06,3046317.766139784,7000000.0,500,Cu,Ni
314.6973378945358,8.496257482302567e-06,10123144.358529383,7000000.0,500,Fe,Al
309.96333981272744,2.9561727289749895e-06,3410293.4683671305,7000000.0,500,Fe,Cu
328.9643658761649,5.5282510271721395e-06,11670409.221528158,7000000.0,500,Fe,Fe
324.28037847719537,5.066810813588405e-06,10653478.617342284,7000000.0,500,Fe,Ni
311.183140228838,6.12736860999482e-06,7279158.580594815,7000000.0,500,Ni,Al
307.390720903254,2.0651730773435957e-06,2716788.90449982,7000000.0,500,Ni,Cu
324.28038045820057,5.0673111983500575e-06,10077810.04871203,7000000.0,500,Ni,Fe
319.7575772350064,4.089827695067819e-06,8941384.698026475,7000000.0,500,Ni,Ni
311.35545203937477,4.069658736793686e-06,2626528.545528731,8000000.0,5,Al,Al
306.1247169285543,2.74195191591147e-06,1734652.1159418747,8000000.0,5,Al,Cu
337.01882589410866,1.9954053293377177e-05,31602341.4878411,8000000.0,5,Al,Fe
327.694077018985,1.4140126858496095e-05,22357264.84052739,8000000.0,5,Al,Ni
306.12474643808144,2.741574733780552e-06,1452779.6964098047,8000000.0,5,Cu,Al
303.42866675573737,8.767431421054419e-07,909273.5423795885,8000000.0,5,Cu,Cu
320.19064293194276,5.790581968010344e-06,7810147.059014086,8000000.0,5,Cu,Fe
314.8560025427695,4.005034805577155e-06,5331051.938310336,8000000.0,5,Cu,Ni
337.018630858386,1.995080489295697e-05,25705529.750621744,8000000.0,5,Fe,Al
320.190424990673,5.789647110085667e-06,6302302.812846096,8000000.0,5,Fe,Cu
398.4152895269816,1.7249159521045384e-05,30028167.110104058,8000000.0,5,Fe,Fe
379.64746686024125,1.5305028862121006e-05,26866264.571965136,8000000.0,5,Fe,Ni
327.69395276394465,1.4137853836065843e-05,18161615.392930567,8000000.0,5,Ni,Al
314.85585438166316,4.004432496415487e-06,4758982.279171589,8000000.0,5,Ni,Cu
379.64761988859544,1.5306618824931865e-05,25219652.631711543,8000000.0,5,Ni,Fe
362.59613401827073,1.197550586200131e-05,21968664.691784777,8000000.0,5,Ni,Ni
311.28322665236306,4.045763490001166e-06,2613707.67702281,8000000.0,10,Al,Al
306.0981624206337,2.7315182755754864e-06,1727176.2273904108,8000000.0,10,Al,Cu
336.67662935899847,1.978916956972926e-05,31314240.44149795,8000000.0,10,Al,Fe
327.4473131563431,1.4027693022437627e-05,22160555.957310863,8000000.0,10,Al,Ni
306.09818801900025,2.7311426171176087e-06,1448118.004356678,8000000.0,10,Cu,Al
303.41772436477174,8.7415969348605e-07,907044.8013834192,8000000.0,10,Cu,Cu
320.0778972356606,5.761283128646725e-06,7767288.44408354,8000000.0,10,Cu,Fe
314.7751643367324,3.985330558070819e-06,5310884.692158844,8000000.0,10,Cu,Ni
336.6764433353598,1.9785948581141517e-05,25471167.471520633,8000000.0,10,Fe,Al
320.0776998645979,5.760352837426023e-06,6267658.275217937,8000000.0,10,Fe,Cu
396.8787569528773,1.7000552920737668e-05,29668997.94521435,8000000.0,10,Fe,Fe
378.4657628663404,1.5097024977446792e-05,26561904.93565242,8000000.0,10,Fe,Ni
327.4471946159979,1.4025438522855168e-05,18001797.428994056,8000000.0,10,Ni,Al
314.77503905260517,3.984731111209871e-06,4740927.8172149295,8000000.0,10,Ni,Cu
378.4658864263035,1.5098592341000028e-05,24936399.446336597,8000000.0,10,Ni,Fe
361.72457691093035,1.182156766559243e-05,21734207.207753755,8000000.0,10,Ni,Ni
311.0030838998553,3.953011761321028e-06,2563918.040062687,8000000.0,30,Al,Al
305.9942058381715,2.6906160461394048e-06,1697875.6692782703,8000000.0,30,Al,Cu
335.3682000526656,1.915716571916328e-05,30210455.564706717,8000000.0,30,Al,Fe
326.5021238158301,1.3596096428456211e-05,21405785.88579994,8000000.0,30,Al,Ni
305.99422482277333,2.690246359058088e-06,1429837.6276859036,8000000.0,30,Cu,Al
303.3746285465447,8.639812378255484e-07,898261.7260286881,8000000.0,30,Cu,Cu
319.6395365911263,5.647042590228671e-06,7600217.4988413835,8000000.0,30,Cu,Fe
314.4605331553944,3.908455900780523e-06,5232158.441792333,8000000.0,30,Cu,Ni
335.3680791487482,1.9154049776783444e-05,24573267.542196695,8000000.0,30,Fe,Al
319.6394082472375,5.646130108589077e-06,6132608.108833415,8000000.0,30,Fe,Cu
391.1721715217359,1.6075979213310017e-05,28331602.283880625,8000000.0,30,Fe,Fe
374.0677437834569,1.4320275960773156e-05,25424059.578815944,8000000.0,30,Fe,Ni
326.5020415833127,1.3593913014589657e-05,17388576.560483065,8000000.0,30,Ni,Al
314.46044259919483,3.907867623243709e-06,4670449.191192315,8000000.0,30,Ni,Cu
374.0678164021022,1.4321758975799166e-05,23877443.138479397,8000000.0,30,Ni,Fe
358.46184400976983,1.1244627000364291e-05,20854534.757938925,8000000.0,30,Ni,Ni
310.73614194346584,3.864550642316525e-06,2516394.051398424,8000000.0,50,Al,Al
305.89370013038575,2.6509982642366082e-06,1669505.6088395724,8000000.0,50,Al,Cu
334.14915573580544,1.8565993698575894e-05,29178771.467368025,8000000.0,50,Al,Fe
325.61920424473095,1.3191471479576507e-05,20698691.41293369,8000000.0,50,Al,Ni
305.89371583360133,2.6506343580783815e-06,1412122.6999063443,8000000.0,50,Cu,Al
303.33257568234177,8.540446619165304e-07,889684.025768263,8000000.0,50,Cu,Cu
319.2204167098536,5.537318964541775e-06,7439816.465899469,8000000.0,50,Cu,Fe
314.15926127981925,3.834553483776694e-06,5156405.415029494,8000000.0,50,Cu,Ni
334.149057192996,1.8562975979148444e-05,23734017.730911937,8000000.0,50,Fe,Al
319.22031076258264,5.5364235936050225e-06,6002950.685854296,8000000.0,50,Fe,Cu
386.08458888785515,1.5249757496130402e-05,27134029.670452747,8000000.0,50,Fe,Fe
370.13098340632433,1.3621886695683805e-05,24399092.312327843,8000000.0,50,Fe,Ni
325.6191393005484,1.3189354683124474e-05,16814088.858896695,8000000.0,50,Ni,Al
314.15918844636934,3.833975947369773e-06,4602632.327055817,8000000.0,50,Ni,Cu
370.131036382821,1.3623293936325963e-05,22923512.975250144,8000000.0,50,Ni,Fe
355.51836399102666,1.0723061816270161e-05,20057857.89110683,8000000.0,50,Ni,Ni
310.1208471914279,3.660317718298384e-06,2406520.410731178,8000000.0,100,Al,Al
305.65645761030584,2.5571893818537022e-06,1602372.9449410732,8000000.0,100,Al,Cu
331.4373005398239,1.7242565137391384e-05,26872320.44396992,8000000.0,100,Al,Fe
323.64723431009355,1.228245172704807e-05,19112175.331815172,8000000.0,100,Al,Ni
305.6564687923499,2.556839152242641e-06,1370140.5273701667,8000000.0,100,Cu,Al
303.23176427475966,8.302063587217951e-07,869091.6016207845,8000000.0,100,Cu,Cu
318.2483655674057,5.281092397160501e-06,7065512.029373461,8000000.0,100,Cu,Fe
313.45893679786826,3.6617195497572696e-06,4978951.944511576,8000000.0,100,Cu,Ni
331.43723445046317,1.723976716107396e-05,21857768.358634092,8000000.0,100,Fe,Al
318.2482915228075,5.280237004332084e-06,5700392.997567143,8000000.0,100,Fe,Cu
375.4988037494858,1.3523376314317924e-05,24622557.78126584,8000000.0,100,Fe,Fe
361.8805558834753,1.2149452020893973e-05,22230910.631126147,8000000.0,100,Fe,Ni
323.64719085765137,1.228048448873752e-05,15525098.664997831,8000000.0,100,Ni,Al
313.4588872756309,3.661167147935483e-06,4443769.624814923,8000000.0,100,Ni,Cu
361.8805867588534,1.215069974412496e-05,20905502.061965972,8000000.0,100,Ni,Fe
349.2860090943301,9.614589927505552e-06,18359232.43066118,8000000.0,100,Ni,Ni
308.2222520075534,3.0264376953695545e-06,2063767.2993339207,8000000.0,300,Al,Al
304.87059971552276,2.2434410315613193e-06,1388974.9666395092,8000000.0,300,Al,Cu
323.8421580075515,1.3468086504187974e-05,20326755.132935394,8000000.0,300,Al,Fe
318.0651449737654,9.665458870929869e-06,14565970.502111938,8000000.0,300,Al,Ni
304.87060538879564,2.2431364018412773e-06,1229294.7601738628,8000000.0,300,Cu,Al
302.8816492933966,7.471778188269119e-07,797190.7168901177,8000000.0,300,Cu,Cu
315.18746916939074,4.459126211790292e-06,5867809.345391895,8000000.0,300,Cu,Fe
311.2403921537689,3.104837562644344e-06,4403776.795011166,8000000.0,300,Cu,Ni
323.84213451781477,1.3465913803133215e-05,16533007.809555106,8000000.0,300,Fe,Al
315.1874353187407,4.458399314815565e-06,4933239.624791864,8000000.0,300,Fe,Cu
350.42520039214656,9.370436215469635e-06,18499279.73365952,8000000.0,300,Fe,Fe
341.9546666128106,8.532760593786398e-06,16839639.27065719,8000000.0,300,Fe,Ni
318.0651291418854,9.663921157555741e-06,11831405.255824912,8000000.0,300,Ni,Al
311.24036969940875,3.1043663172705016e-06,3928853.4502531798,8000000.0,300,Ni,Cu
341.9546747123879,8.533618546616292e-06,15886708.985042924,8000000.0,300,Ni,Fe
333.8995057969317,6.840386450188552e-06,14057407.386984492,8000000.0,300,Ni,Ni
306.91432413269166,2.5850408628672826e-06,1822870.8705716317,8000000.0,500,Al,Al
304.2748867306191,2.0023018009846814e-06,1262950.1933678694,8000000.0,500,Al,Cu
319.1965335543331,1.1098934478084258e-05,16256833.389370885,8000000.0,500,Al,Fe
314.606557664342,8.004359952265624e-06,11705753.079646826,8000000.0,500,Al,Ni
304.27489018904436,2.0020320324494465e-06,1120455.4590222107,8000000.0,500,Cu,Al
302.5985138292638,6.797009850105966e-07,738507.1312079845,8000000.0,500,Cu,Cu
313.0133613380446,3.861756755908641e-06,5001328.675910387,8000000.0,500,Cu,Fe
309.6531993791388,2.697780618754712e-06,3978864.0206716433,8000000.0,500,Cu,Ni
319.1965229645501,1.1097152630220858e-05,13222066.101115784,8000000.0,500,Fe,Al
313.01334179145357,3.861123562717209e-06,4454260.855345318,8000000.0,500,Fe,Cu
337.831008491188,7.2205727701814294e-06,15242983.473107612,8000000.0,500,Fe,Fe
331.7131473994204,6.617875348480455e-06,13914747.582071317,8000000.0,500,Fe,Ni
314.60655050330035,8.00309369496035e-06,9507472.432016358,8000000.0,500,Ni,Al
309.6531864812722,2.697368915875064e-06,3548458.9759520655,8000000.0,500,Ni,Cu
331.71314998615577,6.6185289121274785e-06,13162853.941305641,8000000.0,500,Ni,Fe
325.80581516481845,5.341815765105922e-06,11678543.27934786,8000000.0,500,Ni,Ni
314.3717439871761,5.150661838735479e-06,3324200.190428944,9000000.0,5,Al,Al
307.7515948573142,3.4702828913184072e-06,2195419.0827091285,9000000.0,5,Al,Cu
346.8519515214144,2.5254348699025135e-05,39996713.44483175,9000000.0,5,Al,Fe
335.0503162273265,1.7896098055299377e-05,28295913.31388574,9000000.0,5,Al,Ni
307.7516322094241,3.4698055219304503e-06,1838674.3029871476,9000000.0,5,Cu,Al
304.33940635770904,1.1096280379697933e-06,1150799.3258119838,9000000.0,5,Cu,Cu
325.55378245871884,7.3287053026111095e-06,9884717.370763961,9000000.0,5,Cu,Fe
318.8021282168751,5.068872175372471e-06,6747112.608955433,9000000.0,5,Cu,Ni
346.85170468067577,2.5250237443056686e-05,32533561.0910135,9000000.0,5,Fe,Al
325.553506622462,7.327522121663599e-06,7976351.995474837,9000000.0,5,Fe,Cu
424.55685080739113,2.183096751881331e-05,38004398.99880286,9000000.0,5,Fe,Fe
400.8038252463266,1.937042715386651e-05,34002616.09930381,9000000.0,5,Fe,Ni
335.0501589674862,1.7893221261676874e-05,22985794.482123047,9000000.0,5,Ni,Al
318.80194069567534,5.068109876464798e-06,6023086.945417868,9000000.0,5,Ni,Cu
400.8040189214353,1.9372439450301896e-05,31918622.862127595,9000000.0,5,Ni,Fe
379.22323211832804,1.5156499606838937e-05,27804091.251000986,9000000.0,5,Ni,Ni
314.28033373161526,5.120419416970455e-06,3307973.7786974553,9000000.0,10,Al,Al
307.717986808228,3.457077815266527e-06,2185957.4112601914,9000000.0,10,Al,Cu
346.41885903157237,2.5045667736227105e-05,39632085.557998255,9000000.0,10,Al,Fe
334.7380057136254,1.775379898151454e-05,28046953.633541804,9000000.0,10,Al,Ni
307.7180192102714,3.4566023742733087e-06,1832774.348976116,9000000.0,10,Cu,Al
304.3255573942147,1.1063583608277863e-06,1147978.5755020883,9000000.0,10,Cu,Cu
325.4110886869197,7.291623959059046e-06,9830474.43627143,9000000.0,10,Cu,Fe
318.6998173624262,5.043933987139162e-06,6721588.438065311,9000000.0,10,Cu,Ni
346.4186235967457,2.504159117335022e-05,32236946.331454396,9000000.0,10,Fe,Al
325.41083888485895,7.290446557852465e-06,7932505.002568391,9000000.0,10,Fe,Cu
422.6121767682786,2.151632479029458e-05,37549825.52447951,9000000.0,10,Fe,Fe
399.3082311290657,1.9107172237330323e-05,33617410.934606165,9000000.0,10,Fe,Ni
334.73785568641415,1.775094563084794e-05,22783524.871450976,9000000.0,10,Ni,Al
318.69965879492446,5.0431753108370895e-06,6000236.767028563,9000000.0,10,Ni,Cu
399.3083875082656,1.9109155931584146e-05,31560130.54940089,9000000.0,10,Ni,Fe
378.12016765444764,1.4961671577029598e-05,27507355.997818094,9000000.0,10,Ni,Ni
313.92577806050235,5.003030510374058e-06,3244958.769433081,9000000.0,30,Al,Al
307.5864167586334,3.4053109311705067e-06,2148873.892422908,9000000.0,30,Al,Cu
344.7628781907701,2.4245787862876836e-05,38235107.82332042,9000000.0,30,Al,Fe
333.5417504545351,1.7207559542259623e-05,27091697.761781055,9000000.0,30,Al,Ni
307.58644079003267,3.4048430476645642e-06,1809638.247251954,9000000.0,30,Cu,Al
304.27101424926656,1.0934762528783344e-06,1136862.4957484188,9000000.0,30,Cu,Cu
324.8562884961361,7.147038277606162e-06,9619025.27117849,9000000.0,30,Cu,Fe
318.30161227351635,4.9466394989950495e-06,6621950.52742865,9000000.0,30,Cu,Ni
344.76272517304704,2.4241844249086033e-05,31100541.733379435,9000000.0,30,Fe,Al
324.85612605671844,7.145883416683687e-06,7761582.13575719,9000000.0,30,Fe,Cu
415.3897795819301,2.0346161191822393e-05,35857184.140595615,9000000.0,30,Fe,Fe
393.7419882271837,1.812409926308388e-05,32177325.404827904,9000000.0,30,Fe,Ni
333.54164637940994,1.7204796159454868e-05,22007417.209717866,9000000.0,30,Ni,Al
318.30149765867617,4.945894958900605e-06,5911037.255984631,9000000.0,30,Ni,Cu
393.74208013381775,1.8125976203741466e-05,30219888.972254775,9000000.0,30,Ni,Fe
373.99077132630015,1.4231481047580755e-05,26394020.55348775,9000000.0,30,Ni,Ni
313.58792964692003,4.891071906615731e-06,3184811.2212606957,9000000.0,50,Al,Al
307.45921422226263,3.3551696759655992e-06,2112968.0346931703,9000000.0,50,Al,Cu
343.220025227287,2.3497585774329696e-05,36929382.63766599,9000000.0,50,Al,Fe
332.42430537237317,1.669545609132969e-05,26196781.319572728,9000000.0,50,Al,Ni
307.4592341006087,3.354709108918726e-06,1787217.7917772278,9000000.0,50,Cu,Al
304.2177910930222,1.080900274000265e-06,1126006.343866352,9000000.0,50,Cu,Cu
324.3258398964397,7.008169313858981e-06,9416017.713873936,9000000.0,50,Cu,Fe
317.92031505600863,4.853106752481252e-06,6526075.602946447,9000000.0,50,Cu,Ni
343.21990051026614,2.3493766473920286e-05,30038366.19096058,9000000.0,50,Fe,Al
324.3257058027966,7.007036108682887e-06,7597484.459826709,9000000.0,50,Fe,Cu
408.95080781099165,1.930047433102687e-05,34341506.30173362,9000000.0,50,Fe,Fe
388.75952587487234,1.7240200349454845e-05,30880101.208184183,9000000.0,50,Fe,Ni
332.42422317775964,1.6692777021166965e-05,21280331.212385543,9000000.0,50,Ni,Al
317.92022287159324,4.852375806644127e-06,5825206.537336085,9000000.0,50,Ni,Cu
388.7595929220064,1.7241981388174227e-05,29012571.10944157,9000000.0,50,Ni,Fe
370.2654294275955,1.357137511146589e-05,25385726.39391842,9000000.0,50,Ni,Ni
312.8091972265096,4.632589612205177e-06,3045752.394825804,9000000.0,100,Al,Al
307.15895415806546,3.2364428093100782e-06,2028003.257024918,9000000.0,100,Al,Cu
339.7878334950053,2.18226215016545e-05,34010280.56128394,9000000.0,100,Al,Fe
329.92853092388333,1.5544977967061736e-05,24188846.904437136,9000000.0,100,Al,Ni
307.15896831407866,3.235999551554652e-06,1734084.1046697176,9000000.0,100,Cu,Al
304.0902016554419,1.0507299215479538e-06,1099944.0570709573,9000000.0,100,Cu,Cu
323.09558766933236,6.6838825645240215e-06,8942288.661417069,9000000.0,100,Cu,Fe
317.03396688352467,4.6343638047278e-06,6301486.054304362,9000000.0,100,Cu,Ni
339.787749851805,2.1819080313585523e-05,27663738.079211578,9000000.0,100,Fe,Al
323.0954939528096,6.682799956724403e-06,7214559.885698464,9000000.0,100,Fe,Cu
395.55317349524205,1.711552314779473e-05,31162924.691982094,9000000.0,100,Fe,Fe
378.31757854109367,1.5376650214140268e-05,28135996.267857093,9000000.0,100,Fe,Ni
329.9284759297422,1.554248818141458e-05,19648952.998233173,9000000.0,100,Ni,Al
317.03390420269955,4.633664669938694e-06,5624145.929873108,9000000.0,100,Ni,Cu
378.3176176165986,1.5378229363653647e-05,26458526.047285024,9000000.0,100,Ni,Fe
362.37760526121144,1.216846537720008e-05,23235903.545458406,9000000.0,100,Ni,Ni
310.40628769691244,3.83033520818277e-06,2611955.4882118306,9000000.0,300,Al,Al
306.164352760708,2.8393550537686076e-06,1757921.441027595,9000000.0,300,Al,Cu
330.17523122772957,1.704554698157251e-05,25726049.464626327,9000000.0,300,Al,Fe
322.86369910754104,1.2232846383517638e-05,18435056.416793626,9000000.0,300,Al,Ni
306.16435994419567,2.838969508175435e-06,1555826.180609416,9000000.0,300,Cu,Al
303.64708738278847,9.456469258973073e-07,1008944.4999748262,9000000.0,300,Cu,Cu
319.2216406660029,5.643581611285881e-06,7426446.202164105,9000000.0,300,Cu,Fe
314.22612131866424,3.929560039881452e-06,5573530.005811937,9000000.0,300,Cu,Ni
330.1752014993725,1.704279715734539e-05,20924588.009166103,9000000.0,300,Fe,Al
319.2215978205454,5.642661631210973e-06,6243631.398872889,9000000.0,300,Fe,Cu
363.8193942461152,1.1859458335188526e-05,23413150.91296984,9000000.0,300,Fe,Fe
353.0988749325325,1.0799275126639127e-05,21312668.452162355,9000000.0,300,Fe,Ni
322.86367907056643,1.2230900215308088e-05,14974122.277163912,9000000.0,300,Ni,Al
314.2260928962653,3.928963618879748e-06,4972455.146675302,9000000.0,300,Ni,Cu
353.09888518279223,1.0800360973056806e-05,20106616.059302352,9000000.0,300,Ni,Fe
342.90406202507125,8.657364101156838e-06,17791406.224457797,9000000.0,300,Ni,Ni
308.7509414802898,3.271692342047617e-06,2307070.9455586774,9000000.0,500,Al,Al
305.41040351460373,2.534163215241678e-06,1598421.3374416097,9000000.0,500,Al,Cu
324.2956127792394,1.4047088948591439e-05,20575054.758026075,9000000.0,500,Al,Fe
318.48642454402324,1.0130518064574517e-05,14815093.741474193,9000000.0,500,Al,Ni
305.4104078945864,2.53382179069557e-06,1418076.4401008082,9000000.0,500,Cu,Al
303.2887440612916,8.602465581668874e-07,934673.0869008753,9000000.0,500,Cu,Cu
316.47003544213374,4.8875358937290886e-06,6329806.604925945,9000000.0,500,Cu,Fe
312.21733046336163,3.4143785952915613e-06,5035749.775808877,9000000.0,500,Cu,Ni
324.2955993772325,1.4044833797860716e-05,16734177.40938169,9000000.0,500,Fe,Al
316.4700107006762,4.8867345076245446e-06,5637423.893918645,9000000.0,500,Fe,Cu
347.87987012154787,9.13853741225862e-06,19291900.95823133,9000000.0,500,Fe,Fe
340.13695217794174,8.375748488024878e-06,17610852.40876481,9000000.0,500,Fe,Ni
318.48641548102466,1.0128915457921244e-05,12032894.79695943,9000000.0,500,Ni,Al
312.2173141363604,3.4138575328774717e-06,4491018.390262694,9000000.0,500,Ni,Cu
340.1369554511719,8.376575654408316e-06,16659237.01957643,9000000.0,500,Ni,Fe
332.66048481860645,6.760735577815847e-06,14780656.338182675,9000000.0,500,Ni,Ni
317.7428938111898,6.3588417762001e-06,4103950.852377206,10000000.0,5,Al,Al
309.5698701894572,4.28429986383197e-06,2710393.927918785,10000000.0,5,Al,Cu
357.84191545781437,3.117820827004476e-05,49378658.57325491,10000000.0,5,Al,Fe
343.27199534253236,2.2093948216432964e-05,34933226.31354865,10000000.0,5,Al,Ni
309.5699163068068,4.283710520450799e-06,2269968.2750437986,10000000.0,5,Cu,Al
305.3572917952063,1.3699111568767435e-06,1420739.9072938997,10000000.0,5,Cu,Cu
331.5478795768804,9.047784323636366e-06,12203354.778015586,10000000.0,5,Cu,Fe
323.2125039702868,6.257866882790655e-06,8329768.652614834,10000000.0,5,Cu,Ni
357.84161071735275,3.117313264610866e-05,40164890.23614042,10000000.0,5,Fe,Al
331.5475390344616,9.046323605191654e-06,9847348.140756946,10000000.0,5,Fe,Cu
453.7738898854956,2.695181175161277e-05,46919011.10971063,10000000.0,5,Fe,Fe
424.4491669719514,2.3914107597581915e-05,41978538.39456376,10000000.0,5,Fe,Ni
343.2718011949731,2.209039661971279e-05,28377524.05234892,10000000.0,5,Ni,Al
323.21227245839395,6.256925771813916e-06,7435909.80769319,10000000.0,5,Ni,Cu
424.44940607578553,2.3916591913950826e-05,39405707.237298034,10000000.0,5,Ni,Fe
397.8064594066263,1.871172790989247e-05,34326038.58189477,10000000.0,5,Ni,Ni
317.6300416437204,6.321505452994976e-06,4083918.2452767524,10000000.0,10,Al,Al
309.52837877083226,4.267997300803317e-06,2698712.8520557242,10000000.0,10,Al,Cu
357.3072333715075,3.092057745172544e-05,48928500.68821627,10000000.0,10,Al,Fe
342.88642680705885,2.1918270347540987e-05,34625868.68344227,10000000.0,10,Al,Ni
309.52841877698586,4.267410338152995e-06,2262684.381198401,10000000.0,10,Cu,Al
305.3401943094744,1.3658745184449617e-06,1417257.4995174664,10000000.0,10,Cu,Cu
331.3717144265623,9.002004887166128e-06,12136388.192238638,10000000.0,10,Cu,Fe
323.0861942734955,6.227078996097757e-06,8298257.330548416,10000000.0,10,Cu,Ni
357.3069427124117,3.091554465875874e-05,39798699.17490877,10000000.0,10,Fe,Al
331.37140602515103,9.00055130421158e-06,9793216.05078899,10000000.0,10,Fe,Cu
451.37305773843315,2.656336393862282e-05,46357809.2895398,10000000.0,10,Fe,Fe
422.6027544815228,2.358910152778838e-05,41502976.46284266,10000000.0,10,Fe,Ni
342.88624158864405,2.191474769272338e-05,28127808.483595695,10000000.0,10,Ni,Al
323.0859985069281,6.226142357479107e-06,7407699.710936316,10000000.0,10,Ni,Cu
422.60294754104575,2.359155053282534e-05,38963124.13518003,10000000.0,10,Ni,Fe
396.44465142661426,1.8471199478047666e-05,33959698.76318279,10000000.0,10,Ni,Ni
317.19231859299026,6.176580876962729e-06,4006121.937553532,10000000.0,30,Al,Al
309.36594661091414,4.204087567381301e-06,2652930.730056501,10000000.0,30,Al,Cu
355.2628125804154,2.9933071435262856e-05,47203836.81824619,10000000.0,30,Al,Fe
341.40956846249946,2.1243900669451814e-05,33446540.446681313,10000000.0,30,Al,Ni
309.3659762828522,4.203509934930505e-06,2234121.2926484044,10000000.0,30,Cu,Al
305.27285709348547,1.349970681467014e-06,1403533.944259638,10000000.0,30,Cu,Cu
330.6867759193822,8.823504045851608e-06,11875339.840259628,10000000.0,30,Cu,Fe
322.5945830525932,6.106962344058339e-06,8175247.5643163305,10000000.0,30,Cu,Ni
355.2626236707932,2.9928202776953752e-05,38395730.53532387,10000000.0,30,Fe,Al
330.68657537319734,8.822078290436711e-06,9582200.16585617,10000000.0,30,Fe,Cu
442.45651800214654,2.511871752074802e-05,44268128.56868158,10000000.0,30,Fe,Fe
415.7308496642893,2.2375431189195895e-05,39725093.09272017,10000000.0,30,Fe,Ni
341.40943997504803,2.1240489086069597e-05,27169650.876509823,10000000.0,30,Ni,Al
322.59444154868436,6.106043157576574e-06,7297576.857813237,10000000.0,30,Ni,Cu
415.73096312808826,2.2377748399677462e-05,37308504.90412474,10000000.0,30,Ni,Fe
391.34663126830475,1.7569729688587237e-05,32585210.560282215,10000000.0,30,Ni,Ni
316.77522178607467,6.038360378479395e-06,3931865.7052228213,10000000.0,50,Al,Al
309.20890644259526,4.14218478319172e-06,2608602.5106471917,10000000.0,50,Al,Cu
353.35805583541446,2.9009365153112845e-05,45591830.41625104,10000000.0,50,Al,Fe
340.03000663267966,2.0611674186818758e-05,32341705.332869634,10000000.0,50,Al,Ni
309.20893098726424,4.141616183388136e-06,2206441.7179850303,10000000.0,50,Cu,Al
305.2071494931948,1.3344447816232704e-06,1390131.287621639,10000000.0,50,Cu,Cu
330.0319011049777,8.652060880742894e-06,11624713.226319663,10000000.0,50,Cu,Fe
322.12384574704384,5.991489817503855e-06,8056883.460027699,10000000.0,50,Cu,Ni
353.3579018648623,2.9004649968077378e-05,37084402.70512771,10000000.0,50,Fe,Al
330.0317355536242,8.65066186082834e-06,9379610.442499181,10000000.0,50,Fe,Cu
434.5071701368506,2.3827746087675887e-05,42396921.36022557,10000000.0,50,Fe,Fe
409.5796615750146,2.1284197962493418e-05,38123581.73884008,10000000.0,50,Fe,Ni
340.0299051581728,2.0608366693096416e-05,26272013.842761893,10000000.0,50,Ni,Al
322.12373193507887,5.9905874140679525e-06,7191613.007647657,10000000.0,50,Ni,Cu
409.5797443481542,2.1286396775534018e-05,35817989.02412491,10000000.0,50,Ni,Fe
386.7474437390547,1.6754784088449332e-05,31340402.95588306,10000000.0,50,Ni,Ni
315.8138237363072,5.719246434807165e-06,3760188.1417549597,10000000.0,100,Al,Al
308.8382150055609,3.995608404701826e-06,2503707.7234734115,10000000.0,100,Al,Cu
349.12078209197256,2.694150802642024e-05,41988000.692389235,10000000.0,100,Al,Fe
336.9488036098838,1.9191330823547887e-05,29862773.9561948,10000000.0,100,Al,Ni
308.83823248542313,3.99506117431484e-06,2140844.573415368,10000000.0,100,Cu,Al
305.0496316691449,1.2971974329418441e-06,1357955.6249284307,10000000.0,100,Cu,Cu
328.51307119501473,8.25170686922394e-06,11039862.54429479,10000000.0,100,Cu,Fe
321.029588743964,5.721436795577119e-06,7779612.412306783,10000000.0,100,Cu,Ni
349.12067882977544,2.6937136189921397e-05,34152763.061028324,10000000.0,100,Fe,Al
328.5129554922239,8.250370315281786e-06,8906864.054799955,10000000.0,100,Fe,Cu
417.966880858146,2.1130275491092205e-05,38472746.53336812,10000000.0,100,Fe,Fe
396.6883685701957,1.8983518783062364e-05,34735797.86184997,10000000.0,100,Fe,Ni
336.9487357161965,1.918825701440769e-05,24257966.664794464,10000000.0,100,Ni,Al
321.02951135648203,5.720573665118885e-06,6943390.035526398,10000000.0,100,Ni,Cu
396.68841681054954,1.898546835018591e-05,32664846.97205559,10000000.0,100,Ni,Fe
377.00938921243215,1.5022796762153046e-05,28686300.67375993,10000000.0,100,Ni,Ni
312.84726876149,4.728808898974125e-06,3224636.405192973,10000000.0,300,Al,Al
307.61031204650345,3.5053766080004707e-06,2170273.3829926355,10000000.0,300,Al,Cu
337.2533718855768,2.1043885162180235e-05,31760554.894152496,10000000.0,300,Al,Fe
328.22678902176256,1.510227948582241e-05,22759328.90969129,10000000.0,300,Al,Ni
307.610320917878,3.5049006270194766e-06,1920773.062272558,10000000.0,300,Cu,Al
304.5025770121088,1.1674653396818173e-06,1245610.4928340693,10000000.0,300,Cu,Cu
323.7304205739806,6.967384704840081e-06,9168452.100914637,10000000.0,300,Cu,Fe
317.56311273825276,4.8513086909112546e-06,6880901.241411621,10000000.0,300,Cu,Ni
337.2533351846438,2.1040490317936624e-05,25832824.702845246,10000000.0,300,Fe,Al
323.73036767550354,6.966248926005934e-06,7708186.911078473,10000000.0,300,Fe,Cu
378.78937561231555,1.46413065866391e-05,28905124.583964862,10000000.0,300,Fe,Fe
365.55416658398565,1.333243842806288e-05,26311936.3608991,10000000.0,300,Fe,Ni
328.2267642849756,1.5099876809266459e-05,18486570.712746218,10000000.0,300,Ni,Al
317.5630776456938,4.8505723677372626e-06,6138833.513263389,10000000.0,300,Ni,Cu
365.5541792379494,1.333377897907848e-05,24822982.78935796,10000000.0,300,Ni,Fe
352.96797780946224,1.0688103828709541e-05,21964699.04280716,10000000.0,300,Ni,Ni
310.8036314570173,4.039126348190818e-06,2848235.735252654,10000000.0,500,Al,Al
306.6795105084683,3.128596560587529e-06,1973359.6749356186,10000000.0,500,Al,Cu
329.9945836776648,1.7342085121511315e-05,25401302.17005709,10000000.0,500,Al,Fe
322.8227463507262,1.2506812425389688e-05,18290239.187058955,10000000.0,500,Al,Ni
306.6795159184279,3.128175049912232e-06,1750711.6542477035,10000000.0,500,Cu,Al
304.06017785002865,1.0620327869885358e-06,1153917.3903223518,10000000.0,500,Cu,Cu
320.33337708788093,6.033994930117265e-06,7814576.055005082,10000000.0,500,Cu,Fe
315.08312402808116,4.215282216126449e-06,6216975.031549013,10000000.0,500,Cu,Ni
329.9945671325837,1.7339300985223213e-05,20659478.283330448,10000000.0,500,Fe,Al
320.3333465403956,6.033005563697517e-06,6959782.584089783,10000000.0,500,Fe,Cu
359.1109507672441,1.1282144953403638e-05,23817161.67690191,10000000.0,500,Fe,Fe
349.5517928127595,1.0340430232221696e-05,21741793.097418707,10000000.0,500,Fe,Ni
322.8227351620101,1.2504833898877182e-05,14855425.675417297,10000000.0,500,Ni,Al
315.08310386851724,4.214638928350595e-06,5544467.147434889,10000000.0,500,Ni,Cu
349.55179685324873,1.0341451425193076e-05,20566959.283527832,10000000.0,500,Ni,Fe
340.3215861963693,8.34658713319744e-06,18247723.874523927,10000000.0,500,Ni,Ni
